date,temperature_2m_min,temperature_2m_max,temperature_2m_mean,windspeed_10m_max,windgusts_10m_max,precipitation_sum,shortwave_radiation_sum,cloudcover_mean,humidity_2m_mean,weathercode,WeatherSimple
2022-01-01,18.1,25.8,20.8,22.1,40.3,2.3,15.25,,,53,1
2022-01-02,16.1,27.0,20.7,18.8,37.1,0.0,19.52,,,3,0
2022-01-03,15.6,26.9,20.4,16.6,29.5,0.0,18.28,,,3,0
2022-01-04,16.3,26.4,20.3,16.2,30.6,0.0,20.92,,,3,0
2022-01-05,14.8,26.4,20.2,15.9,31.3,0.0,21.37,,,3,0
2022-01-06,16.1,26.9,20.8,15.5,28.1,0.0,20.65,,,3,0
2022-01-07,17.2,26.3,21.3,17.2,31.0,0.1,16.55,,,51,1
2022-01-08,17.7,26.9,21.6,17.3,32.4,0.0,16.44,,,3,0
2022-01-09,17.1,27.0,21.4,13.7,24.8,0.0,17.47,,,3,0
2022-01-10,17.0,27.0,21.4,16.2,26.6,0.2,19.66,,,51,1
2022-01-11,16.2,27.9,21.5,14.3,27.0,0.1,20.39,,,51,1
2022-01-12,18.1,27.1,21.7,13.0,27.4,0.2,19.01,,,51,1
2022-01-13,17.0,27.3,21.5,14.7,31.0,0.0,21.29,,,3,0
2022-01-14,17.5,27.3,21.5,13.0,28.8,0.0,21.1,,,3,0
2022-01-15,16.1,28.2,21.7,16.6,28.4,0.0,21.75,,,3,0
2022-01-16,18.1,27.0,21.6,18.2,31.7,0.5,19.71,,,51,1
2022-01-17,17.3,26.8,21.1,19.5,34.9,0.2,19.44,,,51,1
2022-01-18,16.0,27.2,21.2,14.7,28.4,0.0,18.85,,,3,0
2022-01-19,15.7,27.1,20.8,13.6,27.4,0.0,22.09,,,3,0
2022-01-20,13.7,28.2,20.6,13.0,28.4,0.0,22.28,,,3,0
2022-01-21,15.2,30.1,22.0,18.0,36.7,0.0,22.51,,,3,0
2022-01-22,14.4,29.1,21.4,12.5,27.0,0.0,22.16,,,3,0
2022-01-23,14.4,28.5,21.3,12.9,28.1,0.0,22.59,,,0,0
2022-01-24,13.7,27.5,20.7,13.2,27.7,0.0,22.59,,,3,0
2022-01-25,14.2,27.6,20.7,14.2,28.8,0.0,19.75,,,3,0
2022-01-26,16.8,27.4,21.8,13.0,24.8,0.0,20.02,,,3,0
2022-01-27,17.4,25.2,21.1,16.6,28.4,2.3,14.88,,,53,1
2022-01-28,17.0,26.6,21.0,24.0,45.4,0.0,19.08,,,3,0
2022-01-29,15.9,27.8,21.1,19.3,37.8,0.0,18.09,,,3,0
2022-01-30,17.1,28.1,22.1,12.5,24.5,0.2,16.96,,,51,1
2022-01-31,17.9,29.6,23.3,15.5,26.3,0.0,21.56,,,3,0
2022-02-01,18.2,29.4,23.1,11.6,23.4,0.0,22.72,,,3,0
2022-02-02,16.7,29.8,22.6,13.7,22.3,0.0,23.0,,,3,0
2022-02-03,16.7,29.0,22.4,13.5,29.2,0.0,22.23,,,1,0
2022-02-04,15.5,29.4,22.3,12.3,27.7,0.0,24.08,,,3,0
2022-02-05,16.1,29.6,22.4,14.4,23.0,0.0,23.49,,,3,0
2022-02-06,17.6,28.2,22.5,15.9,30.2,0.0,20.35,,,3,0
2022-02-07,18.4,29.0,23.0,13.8,24.8,0.0,20.15,,,3,0
2022-02-08,16.2,28.8,22.2,12.9,24.8,0.0,22.62,,,3,0
2022-02-09,15.4,28.5,21.7,17.6,31.3,0.0,23.3,,,3,0
2022-02-10,15.9,28.8,21.7,16.3,28.4,0.0,24.03,,,3,0
2022-02-11,15.9,29.1,22.1,20.7,40.0,0.0,24.23,,,3,0
2022-02-12,16.3,28.8,22.2,20.5,39.6,0.0,23.65,,,1,0
2022-02-13,16.1,28.5,21.9,15.5,29.9,0.0,22.89,,,3,0
2022-02-14,15.8,28.3,21.9,16.8,27.7,0.0,21.04,,,3,0
2022-02-15,17.0,28.7,22.6,17.1,29.2,0.0,21.17,,,3,0
2022-02-16,16.0,29.4,22.6,19.2,32.8,0.0,19.55,,,3,0
2022-02-17,16.4,29.5,22.6,21.8,37.1,0.0,21.45,,,3,0
2022-02-18,15.2,29.4,22.3,20.4,37.1,0.0,23.82,,,3,0
2022-02-19,15.9,29.6,22.4,16.3,34.2,0.0,24.84,,,2,0
2022-02-20,16.0,30.7,22.9,15.5,26.3,0.0,24.96,,,3,0
2022-02-21,16.9,31.4,23.8,12.1,22.3,0.0,24.72,,,3,0
2022-02-22,18.6,31.4,24.5,19.8,33.1,0.0,23.72,,,2,0
2022-02-23,17.0,29.8,23.1,17.8,34.6,0.0,24.94,,,3,0
2022-02-24,15.9,29.0,22.1,14.9,30.2,0.0,25.61,,,3,0
2022-02-25,14.6,30.7,22.6,16.6,30.2,0.0,25.9,,,3,0
2022-02-26,15.7,29.7,22.1,16.0,30.6,0.0,25.68,,,3,0
2022-02-27,17.3,29.9,22.9,16.8,30.6,0.0,25.38,,,3,0
2022-02-28,15.9,29.3,22.8,17.6,29.9,0.0,25.97,,,0,0
2022-03-01,17.0,30.0,23.6,19.1,33.5,0.0,24.71,,,3,0
2022-03-02,17.2,30.2,23.3,19.7,39.6,0.0,25.56,,,3,0
2022-03-03,16.4,30.5,23.2,22.4,43.9,0.0,25.29,,,3,0
2022-03-04,16.0,31.2,23.4,23.2,45.4,0.0,25.96,,,3,0
2022-03-05,15.8,30.9,23.3,20.4,41.0,0.0,25.69,,,3,0
2022-03-06,17.2,30.6,23.4,22.6,44.6,0.0,21.73,,,3,0
2022-03-07,17.6,27.7,21.7,22.5,43.6,3.4,19.2,,,55,1
2022-03-08,17.3,30.1,23.5,17.1,33.8,0.1,25.74,,,51,1
2022-03-09,17.6,31.7,24.5,17.7,34.9,0.0,26.05,,,3,0
2022-03-10,18.7,32.5,25.0,18.3,37.4,0.0,25.27,,,2,0
2022-03-11,18.1,32.3,25.0,18.8,35.6,0.0,26.45,,,2,0
2022-03-12,17.9,32.2,25.0,19.6,39.2,0.0,26.13,,,3,0
2022-03-13,18.5,31.8,25.2,19.1,38.5,0.0,24.03,,,3,0
2022-03-14,18.8,32.8,25.6,17.9,37.1,0.0,25.98,,,2,0
2022-03-15,17.8,33.1,25.2,13.5,29.5,0.0,26.22,,,3,0
2022-03-16,17.4,33.2,25.1,20.4,40.0,0.0,25.89,,,3,0
2022-03-17,18.3,33.7,26.3,16.5,34.9,0.0,25.93,,,3,0
2022-03-18,19.2,34.2,26.4,15.1,25.9,0.0,24.78,,,3,0
2022-03-19,19.1,32.3,25.9,19.9,36.7,0.0,20.86,,,3,0
2022-03-20,22.0,29.9,24.7,10.6,23.4,0.0,9.15,,,3,0
2022-03-21,19.8,32.9,24.9,17.1,32.8,0.2,20.68,,,51,1
2022-03-22,20.9,31.1,24.7,12.2,26.6,0.0,17.01,,,3,0
2022-03-23,20.9,32.9,26.4,15.8,31.3,0.0,22.6,,,3,0
2022-03-24,20.5,32.6,26.2,21.1,40.0,0.4,21.97,,,51,1
2022-03-25,20.3,32.2,26.0,13.9,33.1,0.0,22.2,,,3,0
2022-03-26,20.1,33.1,26.3,14.3,25.6,0.0,23.29,,,3,0
2022-03-27,20.8,34.2,26.8,19.7,37.8,0.0,24.15,,,1,0
2022-03-28,20.7,34.3,27.1,15.2,33.5,0.0,23.84,,,2,0
2022-03-29,21.2,33.9,27.2,13.0,30.2,0.1,24.08,,,51,1
2022-03-30,21.4,33.8,27.6,16.0,28.1,0.2,23.27,,,51,1
2022-03-31,21.6,32.2,27.2,11.1,26.6,0.0,21.31,,,3,0
2022-04-01,21.6,33.5,27.4,16.4,32.0,0.0,22.97,,,3,0
2022-04-02,20.2,32.7,26.5,14.0,32.4,0.0,23.66,,,2,0
2022-04-03,19.8,33.6,26.4,19.1,37.4,0.0,26.41,,,1,0
2022-04-04,19.6,32.9,26.3,19.2,40.0,0.0,25.47,,,3,0
2022-04-05,19.5,33.1,25.9,22.3,41.0,0.0,25.41,,,3,0
2022-04-06,18.8,33.8,26.1,15.6,34.2,0.0,26.71,,,3,0
2022-04-07,20.0,35.3,26.9,26.6,48.6,0.0,25.74,,,2,0
2022-04-08,19.4,33.1,26.4,15.5,32.0,0.1,24.39,,,51,1
2022-04-09,20.5,33.7,26.8,17.2,34.2,0.0,24.64,,,3,0
2022-04-10,20.3,34.0,26.8,18.8,38.9,0.0,25.26,,,3,0
2022-04-11,20.4,33.9,26.9,17.5,36.4,0.0,25.88,,,3,0
2022-04-12,20.9,33.3,26.3,18.8,40.7,0.0,24.08,,,3,0
2022-04-13,21.7,31.5,25.5,21.9,42.8,2.5,19.92,,,61,2
2022-04-14,20.9,32.1,24.8,15.8,31.3,12.8,16.69,,,65,2
2022-04-15,20.3,33.6,25.9,13.2,39.6,5.3,23.31,,,63,2
2022-04-16,20.2,33.8,25.8,21.4,39.6,4.2,24.69,,,63,2
2022-04-17,19.3,32.9,24.2,21.8,35.3,10.5,19.89,,,63,2
2022-04-18,19.1,31.7,24.2,15.9,39.2,0.2,21.95,,,51,1
2022-04-19,19.5,33.1,25.9,17.1,33.1,0.0,24.68,,,3,0
2022-04-20,20.5,34.3,27.6,15.9,32.4,0.0,24.75,,,3,0
2022-04-21,20.8,33.7,27.0,18.2,35.6,0.0,25.56,,,2,0
2022-04-22,20.0,33.3,26.1,19.5,36.7,0.0,25.73,,,3,0
2022-04-23,20.5,32.9,26.3,16.3,31.7,0.0,24.17,,,3,0
2022-04-24,20.2,33.1,26.3,13.9,25.9,0.0,19.36,,,3,0
2022-04-25,20.8,34.7,27.5,15.1,29.9,0.0,24.02,,,1,0
2022-04-26,21.5,34.7,27.9,14.7,29.2,0.0,25.12,,,2,0
2022-04-27,21.2,35.3,28.2,17.3,33.8,0.0,26.09,,,1,0
2022-04-28,21.8,34.8,27.9,14.5,30.6,0.0,25.96,,,1,0
2022-04-29,21.7,37.1,28.9,18.0,35.3,0.0,25.59,,,3,0
2022-04-30,21.7,34.6,27.8,17.3,35.3,0.0,24.13,,,3,0
2022-05-01,21.6,34.2,27.8,14.2,34.2,0.0,23.37,,,3,0
2022-05-02,21.6,34.2,27.5,13.0,31.0,0.0,24.2,,,3,0
2022-05-03,20.6,34.0,26.4,21.6,36.0,1.6,23.41,,,55,1
2022-05-04,21.3,33.2,26.1,11.2,23.0,0.7,24.46,,,53,1
2022-05-05,20.2,31.3,24.6,16.7,36.7,0.6,19.64,,,51,1
2022-05-06,20.3,31.0,24.0,10.5,27.7,10.7,19.75,,,65,2
2022-05-07,20.1,31.4,25.3,15.5,32.0,0.6,22.07,,,53,1
2022-05-08,19.7,33.0,26.1,14.6,30.6,0.1,22.42,,,51,1
2022-05-09,19.8,31.5,25.7,13.7,30.2,0.1,17.83,,,51,1
2022-05-10,21.4,27.1,23.2,23.9,43.2,4.9,6.89,,,61,2
2022-05-11,20.7,25.5,22.6,27.7,48.6,0.4,6.97,,,51,1
2022-05-12,20.3,24.7,21.9,22.1,41.0,20.6,11.04,,,65,2
2022-05-13,20.2,27.2,22.6,20.4,36.7,18.1,11.15,,,63,2
2022-05-14,20.2,28.8,23.3,16.3,30.6,14.6,14.94,,,65,2
2022-05-15,20.7,29.1,23.8,15.6,29.5,17.3,18.34,,,65,2
2022-05-16,20.9,27.6,23.0,15.0,31.0,25.1,14.32,,,63,2
2022-05-17,20.6,28.0,23.0,10.9,26.6,18.0,14.9,,,63,2
2022-05-18,20.5,27.3,22.6,16.2,32.8,13.4,12.33,,,63,2
2022-05-19,19.2,24.6,21.5,26.3,47.2,0.9,14.0,,,51,1
2022-05-20,18.4,26.1,22.0,22.9,49.0,4.9,18.82,,,63,2
2022-05-21,19.2,26.9,22.7,27.8,51.5,0.5,18.95,,,51,1
2022-05-22,19.8,27.7,22.8,23.1,46.1,0.6,18.99,,,53,1
2022-05-23,19.6,29.4,24.2,20.0,36.7,0.3,25.09,,,51,1
2022-05-24,20.1,29.5,24.5,14.6,29.5,0.4,23.37,,,51,1
2022-05-25,20.5,29.5,24.7,13.3,25.9,0.5,21.69,,,51,1
2022-05-26,19.9,29.4,23.6,12.6,29.5,3.6,21.73,,,61,2
2022-05-27,19.8,29.3,23.9,15.5,31.7,0.1,25.43,,,51,1
2022-05-28,19.2,29.5,24.1,15.5,33.1,0.3,25.66,,,51,1
2022-05-29,19.4,29.7,24.2,14.6,31.3,0.0,25.69,,,3,0
2022-05-30,19.5,29.8,23.8,22.0,40.7,6.2,22.94,,,63,2
2022-05-31,19.2,29.3,23.6,16.6,31.0,2.1,22.91,,,61,2
2022-06-01,19.4,29.1,23.0,18.9,34.9,4.8,19.84,,,61,2
2022-06-02,19.4,29.5,23.7,16.2,31.0,0.5,22.32,,,51,1
2022-06-03,19.7,29.7,23.9,24.0,42.1,8.7,25.28,,,63,2
2022-06-04,19.8,31.4,24.7,14.0,37.1,9.4,25.1,,,65,2
2022-06-05,20.2,30.2,23.9,21.0,36.0,15.1,23.08,,,65,2
2022-06-06,19.9,29.1,23.6,13.8,35.3,7.4,22.17,,,63,2
2022-06-07,19.8,27.3,23.0,18.4,31.7,1.3,15.13,,,53,1
2022-06-08,19.8,29.3,23.6,19.5,37.4,0.4,24.31,,,51,1
2022-06-09,20.0,29.5,23.9,20.9,37.8,0.7,24.4,,,53,1
2022-06-10,19.3,29.0,23.9,21.2,40.3,1.8,21.96,,,61,2
2022-06-11,19.3,28.4,23.1,20.7,39.2,1.6,21.53,,,53,1
2022-06-12,19.3,28.3,23.0,19.7,36.4,11.0,21.74,,,63,2
2022-06-13,19.2,28.8,23.6,16.9,35.3,0.1,23.11,,,51,1
2022-06-14,19.4,29.2,23.4,14.0,27.4,11.8,23.23,,,65,2
2022-06-15,20.5,27.6,23.0,16.6,32.0,0.5,17.0,,,51,1
2022-06-16,19.9,28.6,23.0,15.0,30.2,10.2,20.45,,,63,2
2022-06-17,19.5,28.1,22.8,12.2,24.8,7.7,18.57,,,63,2
2022-06-18,19.5,26.6,22.3,10.7,22.7,24.1,17.07,,,65,2
2022-06-19,19.9,27.6,22.7,12.4,25.6,3.0,18.2,,,55,1
2022-06-20,19.2,28.0,23.0,16.2,31.7,1.7,20.4,,,61,2
2022-06-21,19.8,27.0,22.2,19.9,49.7,7.1,15.39,,,63,2
2022-06-22,19.8,26.2,22.2,19.7,38.2,0.9,16.82,,,51,1
2022-06-23,19.6,26.7,22.1,21.1,40.7,0.9,13.6,,,53,1
2022-06-24,19.4,27.4,23.0,25.1,49.3,1.2,18.96,,,53,1
2022-06-25,19.6,27.9,22.4,27.2,53.3,10.2,17.92,,,63,2
2022-06-26,20.2,27.1,23.1,27.5,49.7,1.0,19.23,,,51,1
2022-06-27,19.6,27.8,23.0,23.8,46.1,0.5,19.26,,,51,1
2022-06-28,19.5,27.4,22.8,19.5,35.6,1.0,16.31,,,51,1
2022-06-29,19.8,27.7,22.5,22.6,43.9,3.0,17.23,,,53,1
2022-06-30,19.5,27.6,22.4,19.7,41.0,13.3,17.71,,,63,2
2022-07-01,19.6,27.2,22.9,24.9,46.1,6.3,18.79,,,63,2
2022-07-02,19.6,28.2,23.4,24.1,44.6,3.4,19.51,,,63,2
2022-07-03,19.9,28.0,22.6,20.0,39.6,4.9,16.46,,,61,2
2022-07-04,20.3,25.2,21.8,29.2,55.1,1.7,10.68,,,51,1
2022-07-05,19.8,24.0,21.3,27.2,49.0,10.3,8.93,,,61,2
2022-07-06,19.7,24.9,21.6,25.9,45.4,3.6,10.41,,,51,1
2022-07-07,19.8,24.1,21.3,24.5,45.4,15.2,13.05,,,63,2
2022-07-08,19.5,26.1,22.1,31.1,55.8,1.4,18.21,,,53,1
2022-07-09,19.5,23.7,21.0,27.7,48.6,11.4,10.66,,,61,2
2022-07-10,19.5,25.0,21.4,30.1,60.1,4.1,13.02,,,53,1
2022-07-11,19.3,24.1,20.9,27.8,54.7,5.0,11.23,,,53,1
2022-07-12,18.9,26.1,22.0,32.0,58.3,0.9,16.8,,,51,1
2022-07-13,19.7,26.2,21.7,32.8,64.8,3.3,15.89,,,53,1
2022-07-14,19.6,26.2,22.0,34.8,69.5,5.3,18.67,,,61,2
2022-07-15,19.7,27.0,22.7,29.2,56.2,1.7,19.79,,,53,1
2022-07-16,19.6,27.1,22.3,29.0,51.8,7.2,17.86,,,63,2
2022-07-17,19.7,27.7,22.5,27.0,49.0,5.0,16.17,,,61,2
2022-07-18,20.0,26.8,22.1,22.1,41.0,5.0,13.76,,,61,2
2022-07-19,18.9,27.4,22.5,17.7,32.8,1.8,19.64,,,55,1
2022-07-20,19.7,28.6,23.0,12.2,25.2,18.6,21.64,,,65,2
2022-07-21,19.9,27.9,22.8,17.3,31.7,10.0,18.96,,,63,2
2022-07-22,19.9,26.8,22.4,16.9,35.6,12.9,15.8,,,65,2
2022-07-23,19.2,26.9,21.9,19.8,37.1,1.6,16.5,,,51,1
2022-07-24,18.7,26.3,22.1,22.5,42.5,1.7,18.23,,,53,1
2022-07-25,18.6,27.4,22.8,19.8,37.4,0.3,22.23,,,51,1
2022-07-26,19.1,26.8,22.2,16.8,33.8,2.5,18.15,,,55,1
2022-07-27,18.3,28.4,22.3,13.7,26.3,5.6,21.16,,,63,2
2022-07-28,19.1,28.0,22.5,12.2,22.3,4.9,19.8,,,61,2
2022-07-29,18.7,28.9,22.9,12.5,21.6,5.0,21.97,,,61,2
2022-07-30,18.8,28.2,22.9,12.9,24.5,12.7,21.09,,,63,2
2022-07-31,19.3,28.2,22.9,11.5,28.1,9.9,19.63,,,63,2
2022-08-01,19.8,27.8,22.6,12.0,29.2,39.6,19.34,,,65,2
2022-08-02,19.6,27.6,22.5,14.1,28.4,25.0,16.26,,,63,2
2022-08-03,19.2,26.8,21.7,11.4,23.8,17.7,14.25,,,63,2
2022-08-04,19.6,25.0,21.5,18.9,32.4,17.6,10.5,,,63,2
2022-08-05,19.6,23.1,20.8,31.9,58.3,24.2,10.0,,,63,2
2022-08-06,19.6,25.0,21.5,28.6,55.1,5.2,14.08,,,61,2
2022-08-07,19.9,24.0,21.5,29.9,51.8,5.2,12.04,,,53,1
2022-08-08,19.8,25.9,21.9,32.4,61.2,3.7,15.33,,,55,1
2022-08-09,19.9,26.4,22.3,36.6,64.8,0.9,19.19,,,51,1
2022-08-10,19.3,26.4,22.2,34.9,61.2,2.5,20.05,,,51,1
2022-08-11,19.3,27.1,22.4,32.0,60.1,1.7,20.24,,,51,1
2022-08-12,20.0,26.7,22.7,28.2,50.8,1.0,17.9,,,51,1
2022-08-13,19.2,27.4,22.5,23.1,42.1,0.5,18.12,,,51,1
2022-08-14,18.7,26.2,22.1,22.5,41.8,0.0,15.85,,,3,0
2022-08-15,18.3,27.6,22.5,18.4,36.0,0.0,20.69,,,3,0
2022-08-16,18.5,27.7,23.0,12.8,28.1,0.3,23.76,,,51,1
2022-08-17,18.6,28.0,23.3,11.9,25.2,0.2,22.61,,,51,1
2022-08-18,19.2,28.3,23.3,16.9,33.1,0.9,21.83,,,51,1
2022-08-19,19.8,27.5,23.0,19.2,35.3,0.3,19.38,,,51,1
2022-08-20,19.0,27.1,22.9,16.9,34.2,0.3,17.68,,,51,1
2022-08-21,19.2,25.9,22.2,17.6,37.8,3.6,14.93,,,55,1
2022-08-22,19.4,27.2,22.1,23.5,42.8,4.4,19.59,,,55,1
2022-08-23,19.2,27.4,22.1,20.6,39.2,3.2,19.37,,,55,1
2022-08-24,19.1,25.8,21.3,19.0,35.3,8.0,13.56,,,63,2
2022-08-25,19.1,26.7,21.7,18.0,33.8,9.3,16.41,,,63,2
2022-08-26,19.1,26.1,21.7,16.4,30.6,20.2,13.98,,,63,2
2022-08-27,19.4,27.4,21.7,17.0,31.7,16.7,16.2,,,63,2
2022-08-28,19.3,26.9,22.1,16.3,30.6,4.2,17.75,,,61,2
2022-08-29,19.2,27.1,22.1,10.7,23.8,17.3,14.45,,,63,2
2022-08-30,19.2,28.0,22.7,14.7,29.2,9.3,21.81,,,63,2
2022-08-31,19.4,27.4,22.2,20.1,36.7,5.2,17.01,,,63,2
2022-09-01,19.5,27.0,21.9,14.4,30.2,12.5,14.47,,,65,2
2022-09-02,19.1,27.6,22.6,12.1,23.8,1.4,20.25,,,51,1
2022-09-03,19.0,27.9,23.0,8.6,16.2,1.6,20.83,,,53,1
2022-09-04,19.0,28.4,23.1,11.9,23.0,11.8,19.77,,,63,2
2022-09-05,19.2,28.7,22.5,12.4,22.7,5.8,20.57,,,61,2
2022-09-06,18.2,27.5,22.0,11.0,20.2,12.7,20.75,,,63,2
2022-09-07,19.7,26.2,21.8,16.6,34.2,8.1,13.99,,,63,2
2022-09-08,19.6,23.4,21.1,18.9,34.6,7.3,9.82,,,53,1
2022-09-09,19.4,26.2,22.0,22.6,40.7,3.0,17.72,,,53,1
2022-09-10,19.8,26.7,21.9,23.5,46.1,8.9,14.9,,,63,2
2022-09-11,19.4,26.9,22.5,30.4,54.4,2.6,19.1,,,55,1
2022-09-12,19.5,27.0,22.5,31.1,54.7,0.8,20.49,,,51,1
2022-09-13,18.6,27.0,22.1,22.4,40.7,1.2,18.14,,,51,1
2022-09-14,19.3,27.0,22.1,19.2,35.3,1.2,18.09,,,51,1
2022-09-15,18.6,26.3,21.9,18.7,35.3,0.8,16.15,,,53,1
2022-09-16,18.3,27.4,22.2,17.9,34.9,0.1,20.28,,,51,1
2022-09-17,18.6,27.2,22.4,14.4,30.6,0.4,20.95,,,51,1
2022-09-18,18.4,27.1,22.5,14.8,30.6,0.4,21.23,,,51,1
2022-09-19,18.8,27.4,22.0,20.9,41.8,0.4,17.52,,,51,1
2022-09-20,17.4,27.3,21.7,21.0,37.4,0.1,21.01,,,51,1
2022-09-21,17.8,27.0,21.8,17.8,34.6,0.9,19.17,,,51,1
2022-09-22,18.2,27.4,21.9,20.5,38.5,0.0,23.15,,,3,0
2022-09-23,17.5,27.1,22.0,16.9,33.1,0.4,23.98,,,51,1
2022-09-24,18.1,27.9,22.2,17.9,35.3,1.6,22.25,,,53,1
2022-09-25,18.2,27.8,22.5,14.5,30.6,0.6,23.12,,,51,1
2022-09-26,19.3,26.3,22.2,16.3,36.0,3.0,15.07,,,61,2
2022-09-27,19.8,27.6,22.9,16.4,30.6,1.2,18.21,,,51,1
2022-09-28,19.9,27.9,23.4,14.3,30.2,0.3,20.97,,,51,1
2022-09-29,18.7,27.8,22.7,17.1,34.9,0.0,22.39,,,3,0
2022-09-30,18.6,24.9,21.2,19.7,38.5,8.1,12.09,,,61,2
2022-10-01,19.4,22.9,20.6,17.9,36.7,6.0,6.2,,,55,1
2022-10-02,19.4,26.9,22.0,20.4,38.2,0.9,16.66,,,51,1
2022-10-03,18.5,26.8,22.3,19.2,36.7,0.7,16.83,,,51,1
2022-10-04,18.4,26.7,22.3,19.0,36.0,0.2,17.39,,,51,1
2022-10-05,18.9,27.2,22.5,17.9,34.2,1.2,19.97,,,53,1
2022-10-06,19.1,25.6,21.4,16.8,34.6,5.5,13.97,,,63,2
2022-10-07,17.7,26.8,21.7,14.5,29.5,1.1,19.45,,,51,1
2022-10-08,16.4,27.0,22.1,11.3,21.2,0.1,20.22,,,51,1
2022-10-09,18.7,26.1,21.6,13.8,26.3,15.9,12.87,,,63,2
2022-10-10,19.2,26.8,21.9,9.4,20.9,9.7,15.22,,,63,2
2022-10-11,19.6,25.9,22.1,13.9,27.7,6.5,16.28,,,61,2
2022-10-12,18.7,26.0,21.4,10.8,22.7,23.6,14.88,,,65,2
2022-10-13,18.6,26.3,21.8,9.8,20.2,21.9,17.39,,,63,2
2022-10-14,18.9,26.4,21.8,10.3,18.7,8.2,16.13,,,61,2
2022-10-15,18.7,27.4,22.3,13.8,25.9,7.8,20.0,,,63,2
2022-10-16,18.8,26.5,22.0,13.8,27.7,17.1,16.39,,,63,2
2022-10-17,19.4,27.3,22.2,16.2,33.5,2.7,19.63,,,61,2
2022-10-18,18.9,26.4,21.8,9.7,20.5,2.9,15.26,,,55,1
2022-10-19,18.1,27.1,21.9,7.2,20.5,6.5,18.15,,,63,2
2022-10-20,18.1,26.8,21.6,15.3,33.5,10.7,19.35,,,65,2
2022-10-21,18.1,27.0,21.6,18.9,38.2,2.7,18.58,,,53,1
2022-10-22,17.4,26.8,21.5,16.8,31.7,0.0,23.13,,,3,0
2022-10-23,16.0,25.7,20.4,13.6,27.4,0.0,24.1,,,3,0
2022-10-24,14.9,25.0,19.5,15.7,30.6,0.0,24.6,,,3,0
2022-10-25,13.7,25.0,19.6,10.7,24.5,0.0,24.76,,,3,0
2022-10-26,14.5,25.6,20.1,10.3,22.7,0.0,23.95,,,2,0
2022-10-27,15.3,27.1,20.7,12.4,25.6,0.0,23.22,,,3,0
2022-10-28,17.2,25.9,20.9,15.5,31.0,0.3,17.23,,,51,1
2022-10-29,18.1,25.9,21.5,19.0,35.3,1.0,18.15,,,51,1
2022-10-30,18.4,25.9,21.3,17.6,32.4,1.5,16.11,,,51,1
2022-10-31,17.6,26.4,21.2,16.5,33.1,0.0,21.21,,,3,0
2022-11-01,17.1,24.5,20.0,16.4,35.3,14.0,12.15,,,63,2
2022-11-02,17.5,23.6,19.8,19.4,37.1,9.9,9.09,,,63,2
2022-11-03,18.6,25.2,21.3,19.1,36.4,0.3,17.64,,,51,1
2022-11-04,18.8,26.7,21.9,20.0,36.4,1.3,19.35,,,53,1
2022-11-05,19.0,26.8,21.9,18.7,35.3,0.5,20.11,,,51,1
2022-11-06,17.7,26.1,21.4,18.5,34.6,0.4,18.53,,,51,1
2022-11-07,17.1,26.2,20.9,15.2,30.6,0.0,22.54,,,3,0
2022-11-08,17.1,27.1,21.4,15.9,31.7,0.0,20.86,,,3,0
2022-11-09,16.2,26.9,21.0,13.9,28.8,0.0,22.89,,,3,0
2022-11-10,16.5,27.1,21.2,17.7,32.4,0.3,20.81,,,51,1
2022-11-11,17.9,21.8,19.4,23.9,42.5,20.5,6.09,,,63,2
2022-11-12,18.6,23.1,20.5,26.8,48.2,3.0,8.97,,,53,1
2022-11-13,18.6,24.5,20.9,23.6,43.6,2.0,11.13,,,53,1
2022-11-14,18.3,26.5,21.4,16.3,31.3,1.5,18.12,,,51,1
2022-11-15,18.2,25.8,21.4,12.6,23.4,1.5,18.14,,,51,1
2022-11-16,18.0,26.7,21.6,11.2,25.2,0.0,20.87,,,3,0
2022-11-17,14.8,25.9,19.9,13.0,27.0,0.0,22.78,,,3,0
2022-11-18,13.3,25.7,19.1,14.3,29.5,0.0,21.97,,,3,0
2022-11-19,13.0,25.3,18.8,16.8,33.8,0.0,22.69,,,3,0
2022-11-20,12.9,24.6,18.5,13.4,28.4,0.0,18.98,,,3,0
2022-11-21,13.8,24.9,19.2,13.8,29.2,0.1,17.16,,,51,1
2022-11-22,16.6,24.7,20.0,15.6,28.4,1.8,10.3,,,53,1
2022-11-23,18.4,24.1,20.3,8.3,22.0,8.3,8.55,,,61,2
2022-11-24,19.2,26.3,21.1,16.4,31.3,3.7,9.97,,,61,2
2022-11-25,18.2,26.6,21.6,15.3,30.2,0.4,17.04,,,51,1
2022-11-26,18.0,27.3,21.6,11.5,25.9,0.0,18.99,,,3,0
2022-11-27,18.5,26.7,22.0,11.5,20.9,0.8,17.36,,,51,1
2022-11-28,18.7,27.3,22.3,9.1,19.4,0.9,18.58,,,51,1
2022-11-29,18.1,27.2,22.0,12.6,26.3,0.1,19.66,,,51,1
2022-11-30,15.8,26.0,20.1,12.3,25.6,0.0,21.24,,,3,0
2022-12-01,16.6,26.3,21.0,17.7,32.0,0.7,13.54,,,51,1
2022-12-02,18.9,26.9,22.3,14.2,30.2,0.0,17.5,,,3,0
2022-12-03,18.4,27.3,22.1,17.7,35.3,0.3,18.22,,,51,1
2022-12-04,19.2,27.7,22.6,17.2,35.3,0.0,19.35,,,3,0
2022-12-05,17.1,27.2,21.7,20.8,40.0,0.0,16.64,,,3,0
2022-12-06,17.8,27.1,21.8,14.4,29.5,0.0,19.68,,,3,0
2022-12-07,16.4,27.0,20.4,16.5,32.8,0.0,17.38,,,3,0
2022-12-08,15.9,25.6,20.6,18.4,36.4,0.2,15.21,,,51,1
2022-12-09,15.8,20.4,18.0,21.6,39.6,3.4,6.85,,,61,2
2022-12-10,16.6,18.5,17.7,25.8,44.6,32.5,2.61,,,63,2
2022-12-11,17.8,21.8,19.5,14.8,25.2,4.5,6.82,,,61,2
2022-12-12,18.4,23.8,20.6,17.8,35.3,4.0,13.37,,,55,1
2022-12-13,18.9,24.5,20.6,20.3,40.0,7.0,15.58,,,63,2
2022-12-14,17.7,25.0,20.6,21.3,39.6,0.1,17.15,,,51,1
2022-12-15,15.7,25.6,20.0,14.8,29.9,0.0,21.21,,,3,0
2022-12-16,15.2,25.9,19.8,16.6,32.0,0.0,21.0,,,3,0
2022-12-17,15.2,26.1,20.1,18.8,36.0,0.0,20.26,,,3,0
2022-12-18,16.5,26.0,20.6,21.0,39.6,0.0,17.33,,,3,0
2022-12-19,16.6,24.6,19.9,17.1,34.2,0.1,20.78,,,51,1
2022-12-20,14.8,26.3,19.7,16.4,31.7,0.0,20.8,,,3,0
2022-12-21,14.8,25.7,19.3,16.2,32.0,0.0,20.88,,,3,0
2022-12-22,14.3,25.7,19.1,19.2,37.1,0.0,21.27,,,3,0
2022-12-23,13.3,26.4,19.3,14.5,28.1,0.0,21.35,,,3,0
2022-12-24,12.9,26.7,19.3,15.3,28.8,0.0,21.16,,,3,0
2022-12-25,16.1,25.5,20.2,21.2,38.5,1.5,11.97,,,51,1
2022-12-26,19.0,26.4,21.6,19.6,37.1,0.8,14.87,,,51,1
2022-12-27,18.7,26.6,21.6,19.7,36.7,1.4,14.81,,,51,1
2022-12-28,18.5,26.9,21.9,14.2,29.5,0.0,17.84,,,3,0
2022-12-29,16.5,27.4,21.0,14.1,29.2,0.0,20.49,,,3,0
2022-12-30,15.8,27.1,20.7,13.9,28.1,0.0,21.19,,,3,0
2022-12-31,14.8,27.1,20.2,10.4,25.2,0.0,21.41,,,3,0
2023-01-01,14.9,27.4,20.7,16.0,28.1,0.0,21.1,,,3,0
2023-01-02,15.5,26.7,20.5,16.2,33.5,0.0,21.23,,,2,0
2023-01-03,14.9,26.4,20.0,14.1,29.9,0.0,20.4,,,3,0
2023-01-04,16.0,26.3,20.3,17.0,31.7,0.0,21.13,,,3,0
2023-01-05,15.7,25.1,20.0,20.4,39.2,0.1,14.5,,,51,1
2023-01-06,14.9,26.8,19.7,22.9,44.3,0.0,19.58,,,3,0
2023-01-07,15.3,26.5,20.3,18.1,36.7,0.0,17.93,,,3,0
2023-01-08,15.8,26.6,20.2,15.0,30.6,0.0,19.95,,,3,0
2023-01-09,14.4,26.1,19.0,14.4,27.7,0.0,22.26,,,3,0
2023-01-10,12.6,26.6,18.4,17.1,34.9,0.0,22.44,,,3,0
2023-01-11,11.9,27.2,18.6,14.7,31.3,0.0,22.47,,,3,0
2023-01-12,12.7,28.2,19.6,13.5,29.9,0.0,22.55,,,3,0
2023-01-13,12.2,28.4,19.7,14.1,25.6,0.0,22.11,,,3,0
2023-01-14,13.3,29.0,19.9,13.9,24.1,0.0,22.49,,,3,0
2023-01-15,11.9,28.4,19.7,14.2,24.5,0.0,22.83,,,3,0
2023-01-16,12.4,28.9,20.1,17.0,28.1,0.0,22.4,,,3,0
2023-01-17,14.0,28.5,20.0,16.0,28.1,0.0,22.54,,,3,0
2023-01-18,13.5,27.4,19.2,14.8,28.4,0.0,21.6,,,3,0
2023-01-19,13.6,27.1,19.3,14.2,29.2,0.0,22.68,,,3,0
2023-01-20,13.5,26.5,19.4,16.7,31.3,0.0,21.78,,,3,0
2023-01-21,16.6,26.5,20.9,16.6,31.0,0.0,20.72,,,3,0
2023-01-22,14.7,26.7,20.2,17.9,36.0,0.0,21.13,,,3,0
2023-01-23,14.8,27.4,20.4,16.6,31.3,0.0,17.68,,,3,0
2023-01-24,17.8,27.8,21.8,17.6,32.4,0.0,19.22,,,3,0
2023-01-25,16.0,27.8,20.7,16.7,30.2,0.0,22.31,,,3,0
2023-01-26,15.0,27.7,20.4,16.5,28.4,0.0,22.5,,,3,0
2023-01-27,15.2,28.2,20.6,14.4,28.4,0.0,22.7,,,3,0
2023-01-28,13.8,27.8,20.1,16.6,34.9,0.0,23.28,,,3,0
2023-01-29,13.5,27.7,20.4,22.8,44.6,0.0,22.88,,,3,0
2023-01-30,17.0,27.1,21.4,15.0,30.6,2.3,16.61,,,55,1
2023-01-31,17.5,29.0,22.1,19.7,39.6,0.0,21.38,,,3,0
2023-02-01,15.7,28.4,21.6,20.5,41.0,0.0,22.43,,,3,0
2023-02-02,17.2,29.0,22.1,26.0,47.5,0.0,19.79,,,3,0
2023-02-03,16.4,26.5,21.5,23.2,44.3,0.0,14.21,,,3,0
2023-02-04,17.0,29.1,22.5,20.6,40.0,0.0,22.1,,,3,0
2023-02-05,16.5,30.0,22.6,16.4,34.2,0.0,23.49,,,3,0
2023-02-06,15.8,29.3,22.1,15.5,32.0,0.0,22.99,,,3,0
2023-02-07,15.9,29.7,22.5,10.5,20.5,0.0,23.29,,,3,0
2023-02-08,16.9,30.9,23.4,15.9,32.0,0.0,23.68,,,3,0
2023-02-09,16.9,30.2,23.0,15.9,34.6,0.0,23.92,,,3,0
2023-02-10,16.2,30.1,22.6,18.2,37.8,0.0,24.15,,,3,0
2023-02-11,14.8,30.2,22.3,15.6,33.8,0.0,24.48,,,3,0
2023-02-12,16.0,30.9,22.9,17.7,37.1,0.0,24.35,,,3,0
2023-02-13,16.4,30.5,23.0,21.1,41.4,0.0,24.59,,,1,0
2023-02-14,15.6,30.5,22.4,14.0,31.7,0.0,25.11,,,0,0
2023-02-15,14.7,30.6,22.5,16.9,35.6,0.0,25.21,,,0,0
2023-02-16,15.6,30.5,22.7,19.5,38.9,0.0,25.16,,,1,0
2023-02-17,15.4,30.3,22.6,18.1,37.4,0.0,25.23,,,0,0
2023-02-18,14.7,30.2,22.5,13.9,31.7,0.0,24.97,,,0,0
2023-02-19,15.3,29.8,22.5,13.8,28.1,0.0,24.75,,,0,0
2023-02-20,16.4,29.9,22.8,14.5,25.2,0.0,24.85,,,0,0
2023-02-21,16.8,31.0,23.4,16.6,32.4,0.0,25.29,,,0,0
2023-02-22,16.6,31.1,23.5,15.7,34.6,0.0,25.46,,,2,0
2023-02-23,15.1,30.9,22.6,20.3,41.0,0.0,26.18,,,0,0
2023-02-24,14.1,31.4,22.4,16.9,35.6,0.0,26.37,,,0,0
2023-02-25,15.4,31.6,23.5,21.1,41.4,0.0,26.04,,,0,0
2023-02-26,16.4,30.5,23.0,21.3,42.1,0.0,26.09,,,0,0
2023-02-27,13.9,29.8,21.7,21.0,41.8,0.0,26.2,,,2,0
2023-02-28,14.2,30.7,22.1,22.0,41.8,0.0,22.89,,,3,0
2023-03-01,18.1,30.0,23.4,20.4,41.4,0.0,20.45,,,3,0
2023-03-02,15.1,30.0,22.5,24.2,47.2,0.0,25.97,,,3,0
2023-03-03,14.9,30.9,22.8,26.8,51.1,0.0,26.17,,,1,0
2023-03-04,16.1,30.9,23.4,25.9,49.3,0.0,26.01,,,0,0
2023-03-05,17.1,31.3,23.9,21.1,42.1,0.0,25.85,,,0,0
2023-03-06,16.8,31.2,23.8,23.1,45.4,0.0,26.11,,,3,0
2023-03-07,16.0,30.9,23.5,23.4,44.6,0.0,23.25,,,3,0
2023-03-08,16.2,30.8,23.6,22.1,43.6,0.0,25.57,,,3,0
2023-03-09,16.0,30.4,23.2,20.2,38.2,0.0,24.19,,,3,0
2023-03-10,16.4,30.4,23.1,19.8,40.3,0.0,24.79,,,3,0
2023-03-11,15.6,31.3,23.6,22.1,43.9,0.0,26.52,,,0,0
2023-03-12,15.3,31.2,23.4,19.2,36.7,0.0,25.62,,,3,0
2023-03-13,17.5,31.7,24.7,16.6,34.2,0.0,24.83,,,3,0
2023-03-14,17.9,32.7,25.5,18.5,34.6,0.0,24.33,,,3,0
2023-03-15,18.2,32.5,25.4,17.1,31.7,0.0,22.53,,,3,0
2023-03-16,20.0,30.6,24.3,12.6,28.8,1.2,20.8,,,51,1
2023-03-17,19.2,29.4,22.9,20.3,35.3,3.9,21.8,,,61,2
2023-03-18,18.9,30.0,23.1,16.7,33.8,12.4,22.67,,,63,2
2023-03-19,17.6,30.4,23.0,17.3,37.1,6.7,22.54,,,63,2
2023-03-20,17.0,31.4,23.6,21.6,42.5,0.0,24.66,,,3,0
2023-03-21,18.0,31.3,23.9,11.9,27.4,0.0,26.67,,,3,0
2023-03-22,18.1,31.6,24.8,10.8,20.5,0.0,24.37,,,3,0
2023-03-23,19.2,33.6,25.9,11.4,26.3,0.0,24.77,,,3,0
2023-03-24,19.9,33.0,26.2,14.1,27.0,0.0,23.84,,,3,0
2023-03-25,19.6,30.8,24.6,14.4,37.4,1.3,20.9,,,51,1
2023-03-26,20.7,30.9,25.7,10.7,23.8,0.4,22.04,,,51,1
2023-03-27,20.1,35.5,26.9,18.4,32.4,0.0,24.12,,,3,0
2023-03-28,20.4,34.7,27.1,12.9,23.4,0.0,25.86,,,3,0
2023-03-29,21.2,32.3,25.7,12.2,29.2,5.7,21.4,,,61,2
2023-03-30,20.9,32.1,25.6,18.7,32.0,0.6,18.98,,,51,1
2023-03-31,19.7,31.4,25.6,13.7,26.6,0.2,22.26,,,51,1
2023-04-01,21.4,29.7,25.1,15.0,31.0,1.5,18.72,,,53,1
2023-04-02,20.1,33.7,26.3,12.3,28.4,0.0,24.27,,,3,0
2023-04-03,19.7,32.9,26.1,15.6,28.8,0.0,23.4,,,2,0
2023-04-04,20.8,31.1,24.3,16.3,34.2,0.6,17.28,,,51,1
2023-04-05,19.0,32.4,25.9,14.0,23.4,0.0,23.62,,,3,0
2023-04-06,20.6,31.2,25.8,14.4,26.6,0.2,23.03,,,51,1
2023-04-07,20.3,32.1,25.8,16.8,33.5,0.0,26.24,,,1,0
2023-04-08,19.4,32.1,25.5,19.9,38.9,0.0,26.75,,,3,0
2023-04-09,18.2,32.4,25.2,13.6,29.2,0.0,26.88,,,2,0
2023-04-10,19.4,32.9,26.2,21.1,37.8,0.0,26.29,,,3,0
2023-04-11,18.7,33.6,26.3,14.6,32.8,0.0,27.49,,,3,0
2023-04-12,18.5,34.6,26.6,19.2,38.5,0.0,27.63,,,0,0
2023-04-13,18.8,35.1,27.1,20.5,41.0,0.0,27.4,,,1,0
2023-04-14,20.0,35.2,27.4,21.7,39.6,0.0,27.06,,,3,0
2023-04-15,19.6,34.0,26.9,18.8,36.7,0.0,24.41,,,3,0
2023-04-16,19.5,34.2,26.9,15.0,33.1,0.0,27.59,,,1,0
2023-04-17,19.5,34.6,27.2,17.1,35.6,0.0,27.39,,,3,0
2023-04-18,20.5,34.9,27.9,17.0,36.0,0.0,27.35,,,1,0
2023-04-19,21.0,35.5,28.0,15.8,33.1,0.0,27.1,,,0,0
2023-04-20,20.6,34.9,28.1,10.4,27.0,0.0,25.66,,,3,0
2023-04-21,21.3,33.8,27.6,8.8,24.5,0.0,24.49,,,3,0
2023-04-22,21.0,33.3,27.4,10.1,20.2,0.0,23.64,,,3,0
2023-04-23,21.3,33.3,27.1,13.4,28.4,0.0,22.72,,,3,0
2023-04-24,21.5,33.8,27.1,17.6,29.5,0.1,24.15,,,51,1
2023-04-25,22.0,32.1,26.2,15.8,31.3,2.1,21.12,,,55,1
2023-04-26,21.0,33.1,26.2,14.4,36.4,0.8,23.93,,,51,1
2023-04-27,21.0,33.6,26.9,16.4,32.8,0.1,25.47,,,51,1
2023-04-28,21.2,32.7,26.8,16.6,36.0,0.3,24.3,,,51,1
2023-04-29,20.8,31.7,24.9,18.2,40.7,4.5,21.23,,,61,2
2023-04-30,20.2,31.8,24.7,11.4,28.4,17.8,19.04,,,65,2
2023-05-01,19.4,29.5,23.2,13.7,29.5,3.8,20.87,,,53,1
2023-05-02,20.5,29.5,23.8,10.2,19.4,2.5,19.49,,,53,1
2023-05-03,19.7,26.9,22.8,14.6,27.4,5.2,10.46,,,61,2
2023-05-04,19.8,28.6,24.1,18.4,32.4,1.0,20.8,,,51,1
2023-05-05,19.9,27.7,23.5,11.4,30.6,0.7,11.49,,,51,1
2023-05-06,20.4,29.7,23.8,11.5,25.9,8.7,19.56,,,61,2
2023-05-07,20.0,26.1,23.1,14.8,29.5,4.1,9.81,,,53,1
2023-05-08,21.0,29.3,23.7,9.6,28.4,19.8,18.71,,,65,2
2023-05-09,19.1,31.0,24.6,13.1,30.6,9.6,24.92,,,63,2
2023-05-10,19.4,32.0,25.6,11.8,25.9,0.0,25.44,,,3,0
2023-05-11,20.3,32.6,25.3,12.0,44.3,6.7,23.2,,,63,2
2023-05-12,20.9,31.7,25.9,15.1,25.6,0.2,23.79,,,51,1
2023-05-13,21.5,30.8,25.3,18.1,35.6,2.1,22.29,,,61,2
2023-05-14,20.4,32.4,26.1,19.2,37.8,0.0,24.58,,,3,0
2023-05-15,21.1,32.9,26.2,16.7,31.3,0.0,25.29,,,3,0
2023-05-16,19.7,32.9,26.3,11.9,27.0,0.0,25.14,,,2,0
2023-05-17,21.9,32.6,27.4,11.0,25.2,0.0,23.89,,,3,0
2023-05-18,21.5,34.1,27.7,12.3,22.7,0.1,23.98,,,51,1
2023-05-19,21.6,34.2,27.6,19.3,32.0,0.0,24.66,,,3,0
2023-05-20,21.1,33.3,26.6,14.0,28.4,0.1,21.83,,,51,1
2023-05-21,21.7,31.5,24.7,13.1,27.0,7.3,20.44,,,63,2
2023-05-22,20.3,31.5,24.9,11.4,26.3,1.6,22.31,,,55,1
2023-05-23,19.8,32.3,25.5,11.3,27.0,1.0,22.35,,,53,1
2023-05-24,21.0,31.7,25.3,14.5,40.0,6.6,21.73,,,63,2
2023-05-25,20.8,31.3,25.2,18.2,35.6,1.4,23.59,,,55,1
2023-05-26,20.7,31.2,25.1,15.9,30.2,0.0,24.02,,,3,0
2023-05-27,20.4,31.3,25.4,12.9,27.7,0.5,23.62,,,51,1
2023-05-28,21.0,32.3,26.3,11.5,26.6,0.0,23.05,,,3,0
2023-05-29,21.4,32.6,26.6,13.6,36.0,1.8,22.06,,,55,1
2023-05-30,21.4,30.0,24.0,16.5,32.4,36.6,18.79,,,63,2
2023-05-31,21.2,30.6,24.4,9.9,23.4,20.3,21.94,,,65,2
2023-06-01,20.7,30.9,25.0,10.9,25.2,3.1,23.39,,,63,2
2023-06-02,20.8,30.2,25.1,18.3,35.6,0.0,21.45,,,3,0
2023-06-03,20.9,31.5,25.7,16.9,29.5,0.4,24.31,,,51,1
2023-06-04,21.2,30.0,25.0,18.4,37.1,0.0,23.28,,,3,0
2023-06-05,20.9,30.7,25.6,16.7,32.8,0.1,22.55,,,51,1
2023-06-06,21.2,31.2,26.1,19.1,36.0,0.3,24.31,,,51,1
2023-06-07,21.2,31.5,26.0,16.5,33.1,0.0,24.3,,,3,0
2023-06-08,20.5,31.6,25.9,17.3,35.3,0.0,23.77,,,3,0
2023-06-09,20.2,31.3,24.9,20.3,40.0,5.5,22.22,,,63,2
2023-06-10,20.1,30.8,24.6,25.9,50.0,0.7,23.25,,,53,1
2023-06-11,20.5,30.8,24.9,23.1,43.6,0.2,21.27,,,51,1
2023-06-12,20.3,30.4,24.5,19.0,38.5,13.0,19.83,,,63,2
2023-06-13,20.0,30.8,24.5,19.1,37.4,1.8,23.86,,,61,2
2023-06-14,19.9,30.6,24.7,21.0,40.3,1.1,23.66,,,53,1
2023-06-15,19.9,31.6,25.4,17.7,34.6,0.0,24.79,,,3,0
2023-06-16,20.8,32.0,26.0,19.5,36.0,0.0,25.34,,,3,0
2023-06-17,19.9,31.3,25.2,17.8,35.3,0.2,22.02,,,51,1
2023-06-18,21.1,30.8,24.8,22.2,41.4,1.0,16.42,,,53,1
2023-06-19,20.5,28.3,24.0,18.1,33.1,2.4,10.76,,,53,1
2023-06-20,21.4,26.2,22.8,14.8,27.4,18.5,7.51,,,65,2
2023-06-21,20.3,29.3,23.9,12.5,33.1,13.6,16.75,,,65,2
2023-06-22,20.7,29.0,23.6,17.9,34.6,3.7,15.58,,,63,2
2023-06-23,20.3,28.9,23.7,18.6,37.4,0.5,19.13,,,51,1
2023-06-24,20.3,28.1,23.4,23.4,44.3,3.6,15.35,,,61,2
2023-06-25,19.3,29.0,23.4,19.8,36.4,0.9,18.09,,,51,1
2023-06-26,20.2,28.7,23.6,22.0,40.3,0.2,17.5,,,51,1
2023-06-27,19.4,28.7,23.1,23.7,43.2,2.3,18.87,,,61,2
2023-06-28,19.8,28.8,23.7,23.7,45.0,2.4,18.54,,,61,2
2023-06-29,19.5,28.7,23.4,27.0,49.0,9.1,19.01,,,63,2
2023-06-30,20.0,29.8,24.2,24.6,45.4,1.7,21.27,,,53,1
2023-07-01,19.8,29.3,24.5,19.4,37.8,0.7,19.18,,,53,1
2023-07-02,20.5,28.8,23.8,22.0,42.8,4.7,16.59,,,61,2
2023-07-03,20.3,28.9,23.1,23.6,49.0,8.3,17.1,,,63,2
2023-07-04,19.9,26.4,22.0,26.8,48.2,14.9,13.75,,,63,2
2023-07-05,20.0,26.5,21.8,31.5,58.3,12.3,14.03,,,63,2
2023-07-06,19.6,25.1,21.3,26.9,53.6,15.3,9.43,,,63,2
2023-07-07,19.4,26.6,22.3,28.0,51.1,4.9,16.73,,,61,2
2023-07-08,19.9,26.9,22.3,24.7,46.4,1.8,14.88,,,53,1
2023-07-09,20.1,27.9,22.8,20.5,38.9,4.6,14.75,,,63,2
2023-07-10,19.6,26.3,22.6,18.7,37.4,4.3,10.63,,,61,2
2023-07-11,19.9,26.0,22.4,18.4,36.0,0.7,14.36,,,51,1
2023-07-12,19.3,27.9,22.9,17.6,34.6,1.7,18.66,,,55,1
2023-07-13,19.5,25.4,21.9,21.1,40.7,6.2,15.41,,,61,2
2023-07-14,19.8,27.4,22.6,22.7,43.6,2.4,16.09,,,55,1
2023-07-15,19.3,28.0,23.2,23.6,44.3,0.6,19.46,,,51,1
2023-07-16,19.6,27.6,23.3,18.6,35.6,1.3,17.39,,,51,1
2023-07-17,19.5,27.5,23.2,23.2,42.1,2.5,16.42,,,55,1
2023-07-18,20.3,27.9,23.5,31.0,56.9,0.8,22.76,,,51,1
2023-07-19,20.4,26.6,22.8,32.4,58.3,1.1,14.34,,,51,1
2023-07-20,20.3,27.2,23.0,39.3,69.8,1.6,18.09,,,53,1
2023-07-21,20.1,27.5,23.0,34.6,60.8,2.3,14.46,,,61,2
2023-07-22,20.5,25.6,22.3,31.4,59.4,8.4,12.46,,,61,2
2023-07-23,20.3,26.0,22.1,31.4,58.0,9.7,14.17,,,61,2
2023-07-24,19.7,25.6,21.5,30.0,56.5,12.7,12.46,,,63,2
2023-07-25,19.8,23.3,21.1,25.8,45.7,13.5,7.69,,,61,2
2023-07-26,19.3,23.2,20.8,25.6,45.7,19.3,8.05,,,63,2
2023-07-27,19.6,27.1,22.2,28.2,55.1,2.3,17.87,,,53,1
2023-07-28,18.9,28.1,22.8,29.3,51.8,1.5,18.4,,,53,1
2023-07-29,19.5,27.7,22.9,28.2,50.8,1.0,21.4,,,51,1
2023-07-30,18.5,27.9,23.0,26.8,49.0,0.7,21.13,,,51,1
2023-07-31,19.4,28.7,23.4,23.5,45.0,1.3,21.42,,,51,1
2023-08-01,19.7,28.2,23.4,27.2,51.5,0.4,21.29,,,51,1
2023-08-02,19.4,27.9,23.2,29.5,52.6,0.0,19.26,,,3,0
2023-08-03,19.6,27.9,23.4,28.8,50.4,1.0,20.8,,,51,1
2023-08-04,19.1,28.6,23.2,26.7,48.6,1.1,21.91,,,51,1
2023-08-05,19.3,28.6,23.6,23.5,41.8,1.2,21.02,,,51,1
2023-08-06,19.4,28.8,24.0,17.1,34.6,0.3,21.83,,,51,1
2023-08-07,19.5,29.0,23.8,18.5,34.9,0.9,19.58,,,51,1
2023-08-08,19.1,28.8,23.3,17.5,34.2,0.6,20.42,,,51,1
2023-08-09,19.2,29.0,23.8,15.0,31.7,1.1,21.15,,,51,1
2023-08-10,19.8,28.7,23.9,13.7,28.4,0.5,21.09,,,51,1
2023-08-11,20.2,28.3,24.3,15.0,30.6,0.6,20.16,,,51,1
2023-08-12,20.1,29.7,24.6,18.2,36.7,0.3,24.07,,,51,1
2023-08-13,19.6,29.3,24.3,15.8,31.0,0.1,24.26,,,51,1
2023-08-14,20.5,29.1,24.4,15.0,31.0,0.4,23.35,,,51,1
2023-08-15,19.0,29.4,24.1,14.5,30.2,0.5,24.66,,,51,1
2023-08-16,19.1,30.8,24.7,15.5,31.3,0.0,25.84,,,3,0
2023-08-17,20.0,30.6,24.7,20.6,41.8,0.6,24.92,,,51,1
2023-08-18,19.7,30.0,24.3,23.0,43.9,1.1,21.09,,,51,1
2023-08-19,19.9,28.9,22.9,25.2,47.2,7.3,19.57,,,63,2
2023-08-20,19.3,30.0,24.2,19.3,38.2,0.8,23.76,,,51,1
2023-08-21,19.4,30.4,24.6,15.8,31.3,0.0,25.28,,,2,0
2023-08-22,20.3,30.7,24.9,12.1,25.9,0.8,24.01,,,51,1
2023-08-23,20.4,30.5,25.1,11.7,27.0,0.0,24.54,,,3,0
2023-08-24,20.0,30.5,24.8,13.4,29.2,0.0,24.57,,,3,0
2023-08-25,19.7,30.9,24.9,13.9,29.2,0.0,25.38,,,3,0
2023-08-26,19.9,30.9,24.4,16.2,31.0,3.8,23.9,,,63,2
2023-08-27,20.5,30.5,25.0,11.9,27.7,0.1,21.3,,,51,1
2023-08-28,20.4,31.3,25.6,15.2,33.1,0.0,25.73,,,3,0
2023-08-29,20.8,31.0,25.3,16.1,35.3,0.7,23.37,,,53,1
2023-08-30,19.9,31.3,24.8,15.5,33.8,12.5,25.18,,,63,2
2023-08-31,19.8,28.7,23.8,10.4,23.0,8.8,18.86,,,61,2
2023-09-01,19.9,30.2,24.3,13.7,25.6,9.2,23.0,,,63,2
2023-09-02,20.2,29.1,23.4,19.6,33.8,11.8,20.76,,,63,2
2023-09-03,19.9,28.2,23.6,15.8,32.8,0.0,19.02,,,3,0
2023-09-04,20.2,26.8,22.7,26.6,48.6,1.2,16.21,,,51,1
2023-09-05,19.5,25.8,22.1,20.2,37.8,1.5,9.16,,,61,2
2023-09-06,20.3,28.1,23.2,19.9,36.4,1.3,18.55,,,51,1
2023-09-07,20.3,28.7,23.3,19.5,39.6,4.7,18.04,,,63,2
2023-09-08,20.2,28.1,23.3,23.9,46.8,2.1,18.76,,,53,1
2023-09-09,19.7,29.0,23.6,21.7,41.0,1.1,19.56,,,51,1
2023-09-10,19.4,28.6,23.7,23.4,41.4,2.0,19.42,,,61,2
2023-09-11,19.5,27.5,23.3,20.4,38.9,1.6,18.06,,,53,1
2023-09-12,20.0,28.8,23.6,22.5,42.8,2.5,21.18,,,53,1
2023-09-13,19.1,28.9,23.0,21.7,38.9,4.1,21.79,,,61,2
2023-09-14,19.1,28.7,22.9,19.9,38.9,0.6,19.21,,,51,1
2023-09-15,19.7,28.7,23.0,22.3,43.9,3.5,18.44,,,55,1
2023-09-16,20.0,28.5,23.5,25.4,48.2,5.8,17.8,,,63,2
2023-09-17,19.9,26.8,22.4,18.8,41.0,7.5,15.47,,,63,2
2023-09-18,19.4,28.8,22.7,25.8,44.6,4.8,19.36,,,61,2
2023-09-19,19.7,28.7,23.4,17.3,33.8,1.0,23.48,,,51,1
2023-09-20,19.1,28.7,23.3,17.8,33.5,0.3,21.41,,,51,1
2023-09-21,19.6,27.0,23.2,11.7,24.1,0.2,14.63,,,51,1
2023-09-22,19.5,28.6,23.1,16.3,44.6,6.2,22.11,,,63,2
2023-09-23,19.9,29.0,23.6,12.8,27.4,6.5,22.58,,,63,2
2023-09-24,19.9,27.0,23.0,18.4,35.3,7.5,16.29,,,63,2
2023-09-25,19.5,26.9,22.8,19.6,35.3,1.1,18.08,,,53,1
2023-09-26,19.4,28.4,23.3,14.9,29.5,1.8,21.71,,,53,1
2023-09-27,19.7,27.9,23.0,18.4,35.3,11.5,20.29,,,63,2
2023-09-28,19.0,27.1,21.9,19.7,37.1,9.4,16.38,,,63,2
2023-09-29,19.8,27.5,22.4,24.0,45.4,5.7,15.83,,,63,2
2023-09-30,19.4,28.1,22.9,25.7,48.6,2.7,21.15,,,55,1
2023-10-01,20.2,27.5,23.0,26.6,49.0,1.1,14.96,,,51,1
2023-10-02,19.8,28.0,23.5,23.1,43.2,0.3,22.14,,,51,1
2023-10-03,19.1,28.1,23.1,13.6,29.5,0.1,23.26,,,51,1
2023-10-04,19.0,28.1,23.4,10.3,24.1,0.4,22.29,,,51,1
2023-10-05,19.7,27.4,23.5,13.0,21.6,2.2,21.96,,,51,1
2023-10-06,20.1,29.5,24.5,9.7,18.7,1.5,21.89,,,51,1
2023-10-07,20.0,29.2,24.2,11.2,20.9,0.8,22.43,,,51,1
2023-10-08,20.2,29.7,23.8,12.0,23.4,14.4,19.88,,,63,2
2023-10-09,19.2,27.8,22.8,12.2,25.6,19.3,16.57,,,63,2
2023-10-10,19.4,28.6,23.3,9.2,24.1,1.9,19.9,,,61,2
2023-10-11,19.7,29.2,24.0,10.0,23.8,1.0,21.86,,,51,1
2023-10-12,19.8,29.9,24.0,13.7,28.1,0.3,23.33,,,51,1
2023-10-13,18.4,29.3,23.3,14.5,29.5,0.0,24.84,,,3,0
2023-10-14,18.4,29.2,23.7,12.6,28.4,0.0,23.84,,,3,0
2023-10-15,19.2,30.7,24.2,14.4,33.1,0.0,21.18,,,3,0
2023-10-16,20.8,29.9,24.3,19.1,36.4,0.4,21.16,,,51,1
2023-10-17,20.4,29.9,24.5,15.5,28.4,0.3,22.5,,,51,1
2023-10-18,19.1,30.3,24.2,16.7,34.2,0.0,23.19,,,3,0
2023-10-19,17.5,30.7,24.0,16.9,34.2,0.0,23.85,,,3,0
2023-10-20,18.8,31.0,24.6,17.4,35.6,0.0,23.79,,,3,0
2023-10-21,19.8,31.4,25.0,20.0,38.9,0.0,22.83,,,3,0
2023-10-22,19.0,31.6,24.9,13.8,29.5,0.0,22.31,,,3,0
2023-10-23,18.3,30.3,23.9,13.7,30.2,0.0,24.17,,,3,0
2023-10-24,16.9,29.8,23.4,11.5,24.5,0.0,24.52,,,3,0
2023-10-25,17.1,29.9,23.4,14.5,25.2,0.0,24.12,,,3,0
2023-10-26,16.5,30.0,23.7,13.8,25.9,0.0,23.83,,,3,0
2023-10-27,18.5,30.7,24.3,15.4,32.0,0.0,22.29,,,3,0
2023-10-28,20.2,30.8,25.0,15.9,31.3,0.0,21.33,,,3,0
2023-10-29,20.2,29.4,23.4,17.0,36.7,6.1,20.21,,,61,2
2023-10-30,19.4,28.7,23.2,18.5,40.0,4.1,18.3,,,61,2
2023-10-31,19.5,28.7,22.8,16.9,32.8,1.4,17.0,,,53,1
2023-11-01,18.8,29.3,23.5,13.7,28.8,1.3,18.14,,,53,1
2023-11-02,18.3,29.5,23.2,17.8,36.7,0.6,18.11,,,51,1
2023-11-03,20.6,29.9,23.6,17.8,37.4,2.0,20.48,,,55,1
2023-11-04,19.6,28.0,22.6,19.0,34.9,4.8,15.36,,,61,2
2023-11-05,19.3,27.8,22.2,13.1,26.3,22.6,14.32,,,63,2
2023-11-06,18.9,27.7,22.4,9.4,30.2,26.6,18.58,,,65,2
2023-11-07,18.8,27.0,22.0,16.3,28.4,9.2,14.79,,,63,2
2023-11-08,20.0,27.4,22.4,13.6,26.6,13.2,18.37,,,65,2
2023-11-09,19.6,27.1,22.2,17.3,37.4,6.4,16.2,,,63,2
2023-11-10,19.5,27.2,22.8,18.4,33.8,0.9,17.97,,,51,1
2023-11-11,16.8,28.0,21.9,18.5,35.6,0.0,22.43,,,3,0
2023-11-12,15.8,27.6,21.3,21.3,40.7,0.0,22.06,,,3,0
2023-11-13,15.9,27.1,21.4,21.4,40.3,0.0,22.02,,,3,0
2023-11-14,17.9,24.1,20.7,19.1,35.3,0.7,8.94,,,51,1
2023-11-15,18.2,27.4,22.0,15.6,31.3,1.0,16.62,,,53,1
2023-11-16,18.3,28.7,23.2,15.0,30.6,0.0,17.91,,,3,0
2023-11-17,18.9,29.7,23.4,15.7,32.8,0.0,19.09,,,3,0
2023-11-18,18.9,29.4,23.6,16.2,32.4,0.0,21.71,,,3,0
2023-11-19,17.2,29.2,22.7,19.4,37.8,0.0,19.87,,,3,0
2023-11-20,17.3,28.7,22.2,18.9,37.8,0.1,17.71,,,51,1
2023-11-21,18.9,28.4,22.7,19.7,37.4,3.5,17.54,,,55,1
2023-11-22,19.8,28.2,22.9,14.0,34.6,1.7,14.8,,,53,1
2023-11-23,19.6,27.1,22.1,16.7,34.2,5.4,14.46,,,63,2
2023-11-24,19.4,27.1,22.2,18.5,34.9,3.7,15.8,,,63,2
2023-11-25,19.4,27.4,22.4,22.0,41.4,1.5,17.26,,,53,1
2023-11-26,18.7,26.7,22.0,23.8,44.3,0.6,16.4,,,51,1
2023-11-27,19.4,26.4,22.3,19.3,36.7,1.9,15.8,,,53,1
2023-11-28,19.3,27.6,22.6,16.3,31.7,0.7,17.54,,,51,1
2023-11-29,19.7,28.2,22.5,19.8,38.2,0.5,16.8,,,51,1
2023-11-30,18.4,27.8,22.3,19.9,37.1,0.2,17.49,,,51,1
2023-12-01,19.2,28.0,22.1,17.1,32.8,2.9,16.02,,,55,1
2023-12-02,17.3,28.2,21.9,21.6,39.6,1.2,17.42,,,55,1
2023-12-03,19.6,26.4,22.0,25.6,47.5,2.8,12.9,,,61,2
2023-12-04,19.7,24.0,21.5,27.0,48.2,0.0,6.43,,,3,0
2023-12-05,18.4,28.5,22.7,18.4,34.9,0.0,15.72,,,3,0
2023-12-06,17.0,28.4,22.5,9.4,22.3,0.0,20.68,,,3,0
2023-12-07,18.4,28.8,23.2,13.9,24.1,0.1,17.77,,,51,1
2023-12-08,19.7,28.3,22.9,14.0,28.4,1.9,14.61,,,53,1
2023-12-09,19.9,27.1,22.7,14.4,28.1,1.9,15.79,,,51,1
2023-12-10,18.9,28.2,22.9,14.6,30.6,0.0,16.03,,,3,0
2023-12-11,18.2,27.7,22.6,14.9,29.9,0.2,16.07,,,51,1
2023-12-12,18.4,28.1,22.2,15.2,27.7,0.0,19.59,,,3,0
2023-12-13,16.3,26.5,20.7,16.0,33.5,0.0,20.78,,,3,0
2023-12-14,16.7,26.2,21.1,18.3,34.9,0.0,19.3,,,3,0
2023-12-15,16.4,28.3,21.6,16.3,29.9,0.0,17.74,,,3,0
2023-12-16,18.7,28.6,22.5,19.5,39.2,0.7,16.62,,,51,1
2023-12-17,18.2,26.5,21.5,21.5,40.3,0.2,11.76,,,51,1
2023-12-18,18.4,26.5,21.4,21.6,39.6,0.0,16.21,,,3,0
2023-12-19,17.8,26.9,21.2,17.9,36.0,0.0,18.08,,,3,0
2023-12-20,17.0,26.9,21.1,17.9,33.5,0.0,15.57,,,3,0
2023-12-21,16.9,28.5,21.7,14.8,29.2,0.0,19.85,,,3,0
2023-12-22,17.7,28.4,22.2,14.0,27.4,0.0,20.45,,,3,0
2023-12-23,16.2,28.3,20.9,13.8,27.4,0.0,20.82,,,3,0
2023-12-24,14.0,28.8,20.8,17.9,31.7,0.0,20.23,,,3,0
2023-12-25,17.4,28.5,21.9,20.5,39.2,0.0,19.44,,,3,0
2023-12-26,14.4,27.9,20.7,19.1,37.4,0.0,21.72,,,3,0
2023-12-27,14.9,28.1,20.5,19.9,39.2,0.0,21.53,,,3,0
2023-12-28,15.4,27.9,21.0,18.9,37.1,0.0,19.94,,,3,0
2023-12-29,16.6,27.8,21.4,20.2,39.2,0.0,19.12,,,3,0
2023-12-30,17.3,27.8,21.5,15.6,31.3,0.0,20.74,,,3,0
2023-12-31,16.7,27.9,21.1,16.4,31.7,0.0,20.97,,,3,0
2024-01-01,16.6,28.4,21.7,19.1,32.4,0.0,20.84,,,3,0
2024-01-02,18.1,27.5,21.9,18.8,32.0,0.0,17.92,,,3,0
2024-01-03,16.4,27.3,21.5,16.9,29.2,0.0,18.0,,,3,0
2024-01-04,18.1,25.4,21.3,17.7,32.0,2.7,9.77,,,61,2
2024-01-05,18.6,26.9,22.4,16.2,27.7,0.2,16.81,,,51,1
2024-01-06,19.2,28.7,22.8,17.3,31.7,1.2,19.0,,,51,1
2024-01-07,17.0,27.8,22.0,18.1,36.0,0.0,19.63,,,3,0
2024-01-08,18.4,23.5,20.3,21.2,37.8,2.4,5.48,,,53,1
2024-01-09,18.8,26.5,21.6,25.3,45.0,1.0,16.83,,,51,1
2024-01-10,17.1,24.9,20.8,19.1,36.7,0.0,11.4,,,3,0
2024-01-11,17.0,27.8,21.4,17.7,34.9,0.0,20.47,,,3,0
2024-01-12,15.5,27.3,20.8,23.4,44.3,0.0,21.33,,,3,0
2024-01-13,15.8,28.4,21.2,15.2,32.4,0.0,19.48,,,3,0
2024-01-14,16.8,28.4,21.7,16.5,34.2,0.0,21.26,,,3,0
2024-01-15,15.5,28.1,21.4,14.0,28.1,0.0,21.85,,,3,0
2024-01-16,15.6,28.2,21.5,15.5,25.9,0.0,21.91,,,3,0
2024-01-17,15.8,28.3,21.7,16.5,27.4,0.0,21.94,,,3,0
2024-01-18,16.6,28.9,22.2,14.4,25.2,0.0,21.39,,,3,0
2024-01-19,17.4,29.4,22.8,18.7,32.0,0.0,21.11,,,3,0
2024-01-20,16.5,29.1,22.4,18.1,33.1,0.0,20.24,,,3,0
2024-01-21,17.0,29.2,22.8,15.3,29.2,0.0,22.03,,,3,0
2024-01-22,17.0,29.2,23.0,18.3,30.6,0.0,21.97,,,3,0
2024-01-23,16.9,29.1,22.7,16.6,28.1,0.0,22.19,,,3,0
2024-01-24,17.3,29.7,22.9,15.4,27.7,0.0,21.04,,,3,0
2024-01-25,17.6,28.5,23.1,17.5,29.2,0.0,17.84,,,3,0
2024-01-26,16.8,28.2,21.9,19.1,37.8,0.0,22.8,,,3,0
2024-01-27,16.1,28.3,21.6,18.4,37.4,0.0,22.68,,,3,0
2024-01-28,15.9,28.4,21.6,15.7,33.1,0.0,21.5,,,3,0
2024-01-29,16.6,28.2,21.6,16.8,29.5,0.0,23.01,,,3,0
2024-01-30,15.1,29.2,21.7,15.1,25.2,0.0,22.86,,,3,0
2024-01-31,16.8,29.5,22.8,16.2,27.7,0.0,22.75,,,3,0
2024-02-01,18.3,30.0,23.4,14.9,24.1,0.0,22.83,,,3,0
2024-02-02,18.9,30.5,23.8,13.9,25.6,0.0,21.78,,,3,0
2024-02-03,19.3,30.4,24.3,19.5,32.8,0.0,19.82,,,3,0
2024-02-04,17.9,29.6,23.2,18.8,35.3,0.0,23.06,,,3,0
2024-02-05,16.6,30.6,23.1,15.4,31.3,0.0,23.57,,,2,0
2024-02-06,15.7,32.1,23.6,18.6,37.8,0.0,23.75,,,0,0
2024-02-07,16.7,32.5,24.3,18.6,37.4,0.0,23.94,,,0,0
2024-02-08,17.0,32.9,24.8,17.7,36.7,0.0,24.04,,,3,0
2024-02-09,17.0,32.2,24.5,17.5,33.5,0.0,23.91,,,3,0
2024-02-10,17.0,30.8,23.4,19.5,37.8,0.0,23.88,,,3,0
2024-02-11,17.3,30.4,23.1,18.6,38.2,0.0,23.94,,,3,0
2024-02-12,15.8,30.8,22.7,18.4,37.8,0.0,24.54,,,3,0
2024-02-13,16.4,30.6,23.1,17.3,33.1,0.0,24.19,,,3,0
2024-02-14,17.9,30.7,23.8,18.2,34.2,0.0,23.26,,,3,0
2024-02-15,16.9,30.7,23.5,18.4,37.4,0.0,24.45,,,3,0
2024-02-16,16.6,29.8,22.9,20.7,40.3,0.0,24.19,,,3,0
2024-02-17,17.0,31.3,24.0,19.3,33.1,0.0,24.69,,,2,0
2024-02-18,17.5,32.1,24.7,20.0,33.5,0.0,24.61,,,3,0
2024-02-19,17.2,31.0,24.3,19.0,34.9,0.0,23.97,,,3,0
2024-02-20,18.8,31.6,25.3,18.6,32.4,0.0,24.56,,,3,0
2024-02-21,19.7,32.0,25.6,13.1,27.7,0.0,23.22,,,2,0
2024-02-22,19.3,32.4,25.7,9.9,24.8,0.0,24.33,,,3,0
2024-02-23,18.4,32.7,25.5,12.6,23.8,0.0,25.01,,,3,0
2024-02-24,19.4,31.7,25.8,16.1,27.4,0.0,20.39,,,3,0
2024-02-25,20.1,32.1,25.5,21.4,36.4,0.0,24.04,,,3,0
2024-02-26,17.8,31.2,23.9,22.1,42.8,0.0,24.31,,,3,0
2024-02-27,17.9,31.1,24.1,19.3,35.3,0.0,24.64,,,3,0
2024-02-28,17.2,32.6,24.7,18.1,35.3,0.0,25.84,,,3,0
2024-02-29,16.3,32.2,24.4,19.9,40.0,0.0,26.0,,,3,0
2024-03-01,16.7,32.3,24.5,18.9,38.9,0.0,25.59,,,3,0
2024-03-02,17.5,32.5,25.0,18.9,38.9,0.0,25.21,,,3,0
2024-03-03,18.3,32.7,25.4,17.1,29.9,0.0,25.37,,,3,0
2024-03-04,18.9,34.4,26.6,17.4,28.8,0.0,25.5,,,3,0
2024-03-05,18.8,34.2,26.7,20.8,36.0,0.0,25.7,,,3,0
2024-03-06,19.9,34.5,27.1,20.0,33.5,0.0,23.89,,,3,0
2024-03-07,19.9,34.4,27.2,15.5,26.3,0.0,25.53,,,3,0
2024-03-08,20.8,33.5,26.9,14.8,28.8,0.0,21.92,,,3,0
2024-03-09,20.4,33.4,27.6,17.8,35.3,0.0,19.87,,,3,0
2024-03-10,22.2,33.2,27.5,22.5,38.5,0.0,18.07,,,3,0
2024-03-11,20.7,33.8,27.3,19.6,35.6,0.0,21.81,,,3,0
2024-03-12,20.2,34.1,27.2,16.8,29.5,0.0,25.51,,,3,0
2024-03-13,21.7,34.5,27.9,16.8,31.7,0.0,21.82,,,3,0
2024-03-14,21.7,34.1,27.8,15.8,31.0,0.0,24.51,,,3,0
2024-03-15,21.8,34.7,28.6,19.6,33.1,0.0,20.88,,,3,0
2024-03-16,22.6,35.5,28.3,17.8,34.6,0.0,25.08,,,3,0
2024-03-17,20.5,34.5,27.3,19.4,34.2,0.0,24.45,,,2,0
2024-03-18,20.0,34.8,27.2,15.6,31.7,0.0,24.29,,,3,0
2024-03-19,20.7,34.4,27.3,20.3,36.4,0.0,24.24,,,3,0
2024-03-20,20.1,35.2,27.3,18.8,33.1,0.0,25.43,,,3,0
2024-03-21,20.0,32.6,25.8,19.6,33.1,0.0,22.28,,,3,0
2024-03-22,19.9,34.1,26.7,18.8,33.1,0.0,25.11,,,2,0
2024-03-23,19.4,34.5,27.2,18.8,34.2,0.0,26.42,,,2,0
2024-03-24,19.6,35.0,27.5,17.2,36.0,0.0,26.77,,,3,0
2024-03-25,19.2,35.5,27.5,20.0,38.2,0.0,25.68,,,1,0
2024-03-26,19.9,35.4,27.5,19.9,40.0,0.0,26.78,,,2,0
2024-03-27,18.8,34.9,26.9,19.5,40.3,0.0,27.17,,,1,0
2024-03-28,19.8,35.2,27.6,16.3,34.9,0.0,26.76,,,3,0
2024-03-29,21.3,35.9,28.4,18.8,39.6,0.0,26.26,,,3,0
2024-03-30,20.7,35.7,28.2,20.2,39.2,0.0,27.02,,,3,0
2024-03-31,20.1,35.4,27.5,15.2,32.4,0.0,26.93,,,3,0
2024-04-01,20.4,36.0,28.0,13.5,24.8,0.0,26.63,,,2,0
2024-04-02,22.6,36.8,29.2,17.9,31.0,0.0,26.4,,,3,0
2024-04-03,21.7,36.6,28.9,18.1,34.9,0.0,27.0,,,1,0
2024-04-04,22.0,36.4,29.0,14.7,33.8,0.0,27.35,,,3,0
2024-04-05,22.2,37.5,29.4,20.0,39.2,0.0,26.91,,,3,0
2024-04-06,21.4,37.4,29.7,20.5,42.1,0.0,26.99,,,3,0
2024-04-07,22.3,37.0,29.5,17.9,36.0,0.0,27.18,,,3,0
2024-04-08,21.6,37.0,29.3,20.3,36.7,0.0,27.33,,,3,0
2024-04-09,21.4,35.3,28.3,18.2,34.6,0.0,27.23,,,3,0
2024-04-10,20.7,35.5,28.2,18.1,34.9,0.0,27.34,,,3,0
2024-04-11,20.5,35.7,28.4,22.3,38.9,0.0,27.01,,,3,0
2024-04-12,21.8,34.7,27.6,21.4,37.8,0.1,22.81,,,51,1
2024-04-13,21.3,34.9,27.8,27.1,46.4,0.0,25.05,,,3,0
2024-04-14,20.7,35.3,28.0,19.1,38.5,0.0,26.87,,,3,0
2024-04-15,20.7,35.9,28.3,20.6,39.2,0.0,27.2,,,3,0
2024-04-16,19.9,36.2,28.5,18.6,36.4,0.0,27.04,,,3,0
2024-04-17,22.6,37.5,29.6,16.0,31.3,0.0,25.61,,,3,0
2024-04-18,22.8,37.7,30.4,17.1,32.4,0.0,24.35,,,3,0
2024-04-19,24.0,38.0,30.9,16.3,34.6,0.0,25.37,,,3,0
2024-04-20,23.8,37.2,30.3,16.6,34.2,0.0,22.95,,,3,0
2024-04-21,22.8,37.1,30.2,16.8,35.3,0.0,25.37,,,3,0
2024-04-22,23.0,37.7,30.2,20.2,37.8,0.0,26.18,,,3,0
2024-04-23,22.1,37.2,29.8,18.9,38.9,0.0,27.29,,,3,0
2024-04-24,21.9,36.8,29.7,19.0,40.0,0.0,27.27,,,3,0
2024-04-25,22.6,37.5,30.3,25.3,43.9,0.0,25.36,,,3,0
2024-04-26,22.6,37.2,30.1,22.4,39.6,0.0,26.69,,,3,0
2024-04-27,21.4,37.7,29.9,18.9,38.2,0.0,27.39,,,1,0
2024-04-28,22.3,38.6,30.4,18.4,37.4,0.0,27.17,,,3,0
2024-04-29,23.9,37.9,30.4,16.9,36.4,0.0,26.74,,,3,0
2024-04-30,23.7,38.5,30.8,15.9,34.6,0.0,26.66,,,3,0
2024-05-01,23.2,39.4,31.5,14.3,29.2,0.0,25.42,,,3,0
2024-05-02,24.6,37.8,31.0,18.1,35.3,0.6,23.86,,,53,1
2024-05-03,24.6,37.5,29.6,19.4,38.2,0.2,20.86,,,51,1
2024-05-04,23.1,37.8,29.3,18.2,42.5,0.1,21.82,,,51,1
2024-05-05,23.2,37.6,30.0,17.4,33.5,0.0,22.64,,,3,0
2024-05-06,23.2,39.3,30.3,15.9,32.8,0.0,22.95,,,3,0
2024-05-07,23.6,35.9,29.1,13.6,30.6,0.1,22.77,,,51,1
2024-05-08,21.5,33.9,27.6,18.2,37.8,6.2,21.38,,,63,2
2024-05-09,22.5,32.7,27.2,16.3,31.0,4.5,21.18,,,61,2
2024-05-10,22.4,32.9,26.6,17.0,34.6,6.0,22.2,,,63,2
2024-05-11,21.6,34.0,27.4,16.7,33.1,0.0,24.03,,,3,0
2024-05-12,21.9,31.8,26.2,18.1,36.4,5.8,21.73,,,63,2
2024-05-13,20.8,32.6,26.0,15.5,29.9,4.9,24.43,,,63,2
2024-05-14,21.5,29.2,24.9,10.0,25.9,16.2,15.53,,,65,2
2024-05-15,21.1,32.2,26.1,18.7,32.8,1.0,24.75,,,53,1
2024-05-16,21.2,27.1,24.4,12.8,22.0,2.8,11.83,,,61,2
2024-05-17,20.9,29.3,24.1,14.3,33.1,15.0,16.33,,,65,2
2024-05-18,21.1,29.2,24.0,17.8,33.5,19.5,15.94,,,65,2
2024-05-19,21.4,29.2,24.3,6.5,21.6,9.1,16.52,,,63,2
2024-05-20,21.1,27.5,23.8,17.9,35.6,25.2,13.86,,,65,2
2024-05-21,21.3,29.7,24.2,17.7,36.0,10.5,17.42,,,63,2
2024-05-22,21.2,29.8,24.8,19.3,40.7,12.9,18.55,,,63,2
2024-05-23,20.4,31.5,25.7,15.7,29.2,0.7,22.06,,,53,1
2024-05-24,21.7,29.8,24.7,16.0,34.9,3.5,13.34,,,55,1
2024-05-25,22.0,29.6,25.1,21.9,41.0,0.5,15.59,,,51,1
2024-05-26,21.6,29.1,24.7,27.2,49.7,2.4,19.74,,,61,2
2024-05-27,20.6,30.5,25.4,23.8,44.3,0.0,23.94,,,3,0
2024-05-28,21.3,32.2,25.7,21.7,41.4,0.0,25.09,,,3,0
2024-05-29,20.4,32.1,26.2,22.3,39.2,0.2,24.48,,,51,1
2024-05-30,21.4,32.1,26.0,17.1,37.1,2.4,23.46,,,61,2
2024-05-31,21.6,32.1,26.5,17.7,34.6,1.2,20.35,,,53,1
2024-06-01,22.3,32.2,25.5,16.0,33.1,28.0,20.48,,,65,2
2024-06-02,22.4,30.9,25.4,11.8,32.0,10.3,22.32,,,63,2
2024-06-03,22.0,28.4,24.7,13.0,27.4,0.6,17.19,,,51,1
2024-06-04,21.3,29.4,24.5,13.4,27.4,7.1,18.5,,,61,2
2024-06-05,20.9,27.6,23.8,11.0,27.4,20.8,15.44,,,65,2
2024-06-06,21.4,28.1,23.6,20.7,36.7,8.4,12.36,,,61,2
2024-06-07,21.3,27.1,23.3,21.9,42.5,7.2,17.32,,,63,2
2024-06-08,20.6,28.8,23.7,22.7,46.8,1.9,21.21,,,53,1
2024-06-09,20.5,27.1,23.5,28.3,54.0,3.3,17.86,,,61,2
2024-06-10,20.6,27.5,23.7,28.4,53.6,2.2,19.93,,,53,1
2024-06-11,21.1,28.8,23.6,26.8,51.1,0.6,17.22,,,51,1
2024-06-12,20.6,27.7,22.9,24.2,46.1,6.9,15.29,,,63,2
2024-06-13,20.0,28.6,23.1,23.5,45.4,3.1,19.09,,,61,2
2024-06-14,20.2,28.6,23.8,21.1,40.3,0.0,18.93,,,3,0
2024-06-15,19.4,29.8,24.1,17.7,34.2,0.0,24.09,,,3,0
2024-06-16,19.6,29.2,23.9,20.6,39.6,1.0,21.91,,,51,1
2024-06-17,20.3,29.8,24.1,17.2,33.8,0.6,21.49,,,53,1
2024-06-18,20.3,29.2,23.7,22.2,43.6,4.4,20.08,,,61,2
2024-06-19,20.1,29.1,23.4,19.4,39.6,5.4,16.31,,,63,2
2024-06-20,20.4,28.2,23.4,22.4,44.6,0.6,15.96,,,51,1
2024-06-21,19.7,28.8,23.1,23.0,45.4,3.3,17.94,,,63,2
2024-06-22,20.1,27.9,23.6,20.7,38.5,1.9,18.03,,,53,1
2024-06-23,20.2,28.3,23.8,22.9,44.3,1.6,19.37,,,51,1
2024-06-24,20.4,29.7,23.7,24.8,48.6,4.1,19.21,,,55,1
2024-06-25,20.7,27.3,23.5,30.0,53.3,1.6,13.87,,,51,1
2024-06-26,20.7,27.9,23.3,31.7,57.6,2.2,16.76,,,53,1
2024-06-27,21.0,25.6,22.5,32.9,58.0,6.1,7.67,,,55,1
2024-06-28,20.0,29.1,23.8,25.8,47.5,0.8,19.0,,,51,1
2024-06-29,19.8,29.7,23.8,21.4,38.9,1.0,17.79,,,51,1
2024-06-30,20.2,28.3,23.4,19.8,38.9,1.4,14.21,,,53,1
2024-07-01,20.4,27.6,22.9,22.3,47.9,9.0,15.11,,,63,2
2024-07-02,20.1,29.4,24.0,26.7,48.6,0.1,14.79,,,51,1
2024-07-03,19.9,29.3,23.2,22.2,44.3,10.4,18.41,,,63,2
2024-07-04,20.0,26.8,22.4,19.7,42.5,3.8,9.6,,,61,2
2024-07-05,20.1,29.7,23.2,20.7,41.8,6.9,17.01,,,61,2
2024-07-06,19.9,26.5,22.6,27.3,50.4,5.9,11.42,,,63,2
2024-07-07,20.0,28.6,23.3,26.9,48.6,1.0,16.47,,,53,1
2024-07-08,20.4,27.8,23.1,22.2,41.0,5.6,15.74,,,61,2
2024-07-09,19.7,28.7,23.3,23.8,49.7,2.9,18.61,,,61,2
2024-07-10,19.4,29.3,23.3,20.6,38.9,1.5,21.32,,,51,1
2024-07-11,20.2,26.9,23.1,19.1,36.7,3.7,13.17,,,55,1
2024-07-12,19.7,29.1,22.8,23.0,44.6,17.4,19.61,,,63,2
2024-07-13,20.4,25.8,22.6,27.2,48.2,1.2,9.72,,,51,1
2024-07-14,20.5,26.5,22.4,27.8,50.0,1.5,8.81,,,51,1
2024-07-15,20.2,26.3,21.7,27.2,59.8,16.8,10.44,,,63,2
2024-07-16,20.3,24.3,21.8,29.7,58.3,16.2,11.65,,,61,2
2024-07-17,19.9,25.7,22.0,30.4,56.2,5.2,9.33,,,55,1
2024-07-18,20.4,25.9,22.1,33.3,64.4,9.3,9.89,,,61,2
2024-07-19,20.1,22.3,21.1,27.5,49.0,14.5,8.01,,,61,2
2024-07-20,19.7,25.1,22.0,32.1,56.9,2.8,9.2,,,53,1
2024-07-21,20.4,27.2,22.8,33.0,59.8,1.1,14.84,,,51,1
2024-07-22,20.5,27.6,23.0,32.8,57.6,1.4,17.4,,,51,1
2024-07-23,20.8,27.2,23.2,29.9,54.0,2.2,16.25,,,53,1
2024-07-24,20.5,27.1,23.2,30.5,54.0,1.5,16.74,,,51,1
2024-07-25,20.5,26.8,22.8,36.1,62.6,2.3,18.3,,,53,1
2024-07-26,20.9,26.8,23.1,35.1,61.9,2.2,16.39,,,53,1
2024-07-27,20.8,27.4,23.2,34.7,62.6,0.6,17.38,,,51,1
2024-07-28,20.3,27.2,22.8,34.2,64.4,0.2,17.23,,,51,1
2024-07-29,20.6,28.3,23.3,30.1,56.9,3.7,18.7,,,55,1
2024-07-30,20.2,22.8,21.2,24.7,43.9,11.7,6.92,,,61,2
2024-07-31,20.0,26.3,22.0,21.8,41.8,10.6,14.2,,,63,2
2024-08-01,20.2,27.8,22.4,26.3,47.2,3.4,17.82,,,53,1
2024-08-02,20.2,26.7,22.6,25.9,50.0,4.3,14.93,,,53,1
2024-08-03,19.4,27.4,22.2,25.6,45.7,7.6,16.26,,,63,2
2024-08-04,19.7,28.1,23.2,21.7,41.8,2.0,22.45,,,53,1
2024-08-05,19.1,27.7,22.7,15.6,30.2,1.2,17.09,,,55,1
2024-08-06,20.0,25.3,22.2,15.3,29.2,8.6,12.82,,,61,2
2024-08-07,20.2,24.9,21.9,17.2,34.6,5.2,11.85,,,53,1
2024-08-08,19.5,27.1,22.3,17.4,33.1,16.1,17.68,,,63,2
2024-08-09,19.7,27.9,23.0,18.2,35.6,12.4,18.6,,,63,2
2024-08-10,20.3,26.5,22.8,16.6,31.7,19.2,14.81,,,63,2
2024-08-11,20.2,27.8,23.5,14.8,29.5,3.0,19.7,,,53,1
2024-08-12,20.2,28.8,24.0,13.7,27.4,2.4,21.86,,,53,1
2024-08-13,20.2,28.6,23.8,11.5,24.1,12.7,21.4,,,63,2
2024-08-14,20.3,28.5,24.4,11.2,22.3,1.5,22.73,,,51,1
2024-08-15,21.7,28.7,24.6,11.1,21.6,2.0,22.82,,,55,1
2024-08-16,20.4,28.6,23.8,11.6,22.7,13.3,18.18,,,63,2
2024-08-17,19.5,28.8,23.9,11.1,23.8,3.7,20.78,,,55,1
2024-08-18,19.1,29.0,24.0,7.6,17.6,0.1,21.86,,,51,1
2024-08-19,20.7,27.9,23.5,8.4,22.3,17.4,18.92,,,63,2
2024-08-20,19.9,28.7,23.4,15.1,25.9,19.7,21.02,,,65,2
2024-08-21,20.6,27.4,23.2,20.8,44.3,1.2,19.82,,,51,1
2024-08-22,19.6,27.4,23.1,26.7,47.2,0.4,18.96,,,51,1
2024-08-23,19.0,27.3,23.1,22.2,40.7,0.1,18.49,,,51,1
2024-08-24,19.6,27.3,22.7,26.1,48.6,3.8,18.26,,,61,2
2024-08-25,19.8,27.1,22.6,28.1,50.4,0.9,17.59,,,51,1
2024-08-26,19.4,28.1,22.9,27.7,50.8,1.2,19.28,,,51,1
2024-08-27,19.7,26.7,22.7,23.0,42.5,1.7,13.71,,,53,1
2024-08-28,19.6,26.6,22.3,23.4,41.8,1.4,11.7,,,53,1
2024-08-29,19.3,27.1,21.8,23.4,43.2,9.4,15.39,,,63,2
2024-08-30,19.7,25.8,21.8,20.9,41.4,3.9,13.22,,,53,1
2024-08-31,19.6,23.8,21.5,22.4,40.7,4.6,8.8,,,53,1
2024-09-01,20.1,26.9,22.3,26.6,52.9,5.3,13.93,,,61,2
2024-09-02,20.4,27.4,22.8,20.5,42.8,4.1,19.73,,,55,1
2024-09-03,19.9,27.7,23.1,23.8,43.2,1.4,18.72,,,51,1
2024-09-04,19.7,27.8,23.1,25.2,51.1,0.5,18.6,,,51,1
2024-09-05,19.8,27.7,23.2,22.1,43.2,0.5,18.04,,,51,1
2024-09-06,19.8,27.1,22.8,21.3,41.0,1.6,15.39,,,51,1
2024-09-07,19.6,27.6,22.4,21.7,41.0,11.9,15.59,,,63,2
2024-09-08,20.2,25.7,22.2,23.4,42.5,2.6,10.99,,,53,1
2024-09-09,20.2,28.4,22.8,25.7,47.5,6.0,15.49,,,63,2
2024-09-10,19.8,28.4,23.3,29.9,52.6,1.9,21.25,,,51,1
2024-09-11,19.5,28.7,23.3,22.9,45.0,0.7,20.42,,,51,1
2024-09-12,19.4,29.1,23.3,22.1,41.4,0.7,20.29,,,51,1
2024-09-13,18.5,28.4,23.1,20.8,38.5,0.0,20.62,,,3,0
2024-09-14,18.7,28.4,23.1,20.9,39.2,0.9,22.13,,,51,1
2024-09-15,18.4,28.4,23.3,18.6,37.1,0.6,22.96,,,51,1
2024-09-16,17.5,28.4,22.8,22.6,42.8,0.7,22.91,,,51,1
2024-09-17,18.6,28.2,23.0,20.4,42.5,0.4,22.01,,,51,1
2024-09-18,17.9,28.4,23.0,16.8,34.6,0.0,26.67,,,3,0
2024-09-19,17.4,28.8,22.9,18.4,29.9,0.6,24.54,,,51,1
2024-09-20,19.6,28.8,23.8,13.3,29.9,0.1,23.68,,,51,1
2024-09-21,19.1,29.2,24.0,18.6,38.2,0.1,21.61,,,51,1
2024-09-22,19.5,29.0,24.0,19.3,37.8,1.4,19.45,,,55,1
2024-09-23,20.0,29.3,23.5,20.0,37.1,5.3,18.12,,,63,2
2024-09-24,20.5,28.5,23.0,23.5,45.4,4.4,14.81,,,61,2
2024-09-25,20.3,28.7,23.3,23.4,42.8,2.5,17.13,,,55,1
2024-09-26,19.5,28.8,23.6,19.5,36.0,0.6,17.82,,,51,1
2024-09-27,19.4,28.7,23.3,16.8,31.7,1.5,19.09,,,53,1
2024-09-28,19.6,28.5,23.2,15.4,25.9,3.0,19.98,,,53,1
2024-09-29,20.3,28.5,24.0,12.1,24.8,5.5,20.4,,,61,2
2024-09-30,20.4,30.1,24.5,13.6,25.6,0.1,23.16,,,51,1
2024-10-01,19.7,30.6,24.8,10.6,24.5,0.4,22.67,,,51,1
2024-10-02,20.3,29.8,24.1,14.6,29.9,9.8,22.17,,,63,2
2024-10-03,19.9,28.3,23.3,15.5,32.0,4.2,19.48,,,63,2
2024-10-04,19.8,28.5,23.5,12.3,27.7,7.2,19.36,,,63,2
2024-10-05,20.0,26.8,22.4,14.3,28.4,11.3,12.77,,,61,2
2024-10-06,19.6,27.3,23.2,11.4,24.8,0.5,15.96,,,51,1
2024-10-07,19.1,28.9,23.0,23.5,43.2,0.9,21.4,,,53,1
2024-10-08,19.9,27.8,23.2,13.4,24.1,10.7,15.39,,,63,2
2024-10-09,20.2,28.0,23.2,14.4,29.9,5.2,21.66,,,63,2
2024-10-10,19.8,27.5,22.8,17.5,32.8,6.5,19.2,,,63,2
2024-10-11,19.8,27.8,22.8,17.3,31.3,4.9,18.95,,,61,2
2024-10-12,20.3,28.1,23.2,15.3,34.2,7.2,17.47,,,63,2
2024-10-13,20.3,27.8,23.2,19.7,37.1,1.8,18.13,,,51,1
2024-10-14,19.3,23.4,21.0,13.7,28.4,14.4,5.38,,,63,2
2024-10-15,19.8,23.1,21.2,15.9,31.7,31.5,7.49,,,63,2
2024-10-16,19.2,22.9,20.7,11.6,27.0,13.3,7.72,,,63,2
2024-10-17,19.8,27.0,22.8,14.7,30.6,0.8,18.46,,,51,1
2024-10-18,19.5,27.6,22.2,18.5,33.1,8.4,15.65,,,65,2
2024-10-19,18.9,24.7,21.4,10.1,18.7,8.5,12.0,,,61,2
2024-10-20,19.3,26.3,21.7,11.7,25.2,21.1,12.85,,,63,2
2024-10-21,19.6,26.8,22.2,10.2,25.6,17.8,15.6,,,63,2
2024-10-22,18.3,27.5,21.9,11.9,28.8,27.3,18.8,,,65,2
2024-10-23,19.2,27.5,22.4,10.4,21.2,20.1,20.57,,,65,2
2024-10-24,19.0,26.2,21.9,6.2,18.0,1.1,15.49,,,51,1
2024-10-25,17.3,27.0,21.9,8.7,19.1,0.0,20.99,,,3,0
2024-10-26,17.0,26.6,21.6,13.2,27.4,0.0,22.04,,,3,0
2024-10-27,15.5,26.7,21.1,11.0,22.3,0.0,20.97,,,2,0
2024-10-28,16.5,27.1,21.9,9.0,18.7,0.0,22.15,,,3,0
2024-10-29,17.5,27.6,22.5,9.7,19.8,0.4,21.14,,,51,1
2024-10-30,17.8,27.3,22.3,7.5,15.8,1.1,20.21,,,51,1
2024-10-31,18.3,27.8,22.5,10.0,16.9,4.0,18.03,,,63,2
2024-11-01,19.7,26.8,22.2,9.6,19.8,8.2,17.18,,,63,2
2024-11-02,18.8,27.6,22.1,19.9,37.1,1.2,19.45,,,51,1
2024-11-03,19.5,27.7,22.3,17.6,34.2,0.7,18.34,,,51,1
2024-11-04,19.5,27.0,22.3,14.8,31.0,1.0,19.05,,,51,1
2024-11-05,17.1,27.0,21.9,13.6,28.8,0.0,19.74,,,3,0
2024-11-06,16.3,27.7,22.2,16.5,29.9,0.1,20.19,,,51,1
2024-11-07,19.0,27.4,22.5,19.9,40.3,1.3,17.47,,,51,1
2024-11-08,18.2,28.9,22.8,17.2,34.9,0.0,22.18,,,3,0
2024-11-09,18.0,27.7,22.2,17.2,33.8,0.0,20.92,,,3,0
2024-11-10,17.4,26.9,21.9,16.4,33.5,0.4,20.43,,,51,1
2024-11-11,17.2,27.8,22.2,16.9,34.6,0.0,21.95,,,3,0
2024-11-12,18.9,27.0,22.2,18.4,36.4,0.9,11.94,,,51,1
2024-11-13,19.8,26.9,22.3,17.4,42.1,9.9,13.4,,,63,2
2024-11-14,19.8,25.7,21.9,16.2,41.8,6.0,13.36,,,63,2
2024-11-15,19.9,26.9,22.0,15.4,37.4,10.0,14.72,,,63,2
2024-11-16,19.6,26.3,22.0,17.2,43.9,3.4,16.64,,,55,1
2024-11-17,19.8,27.3,22.7,14.1,36.0,0.5,17.84,,,51,1
2024-11-18,18.9,26.8,22.3,14.9,38.5,0.1,17.59,,,51,1
2024-11-19,18.5,27.3,22.2,13.6,33.5,0.0,18.93,,,3,0
2024-11-20,17.5,28.0,22.0,12.4,33.5,0.0,20.13,,,3,0
2024-11-21,17.2,27.5,22.0,12.2,26.6,0.0,16.93,,,3,0
2024-11-22,16.3,27.9,21.8,12.1,29.9,0.0,21.52,,,3,0
2024-11-23,16.7,28.6,22.3,11.0,27.7,0.0,20.03,,,3,0
2024-11-24,17.3,29.1,22.9,12.4,31.0,0.0,20.95,,,3,0
2024-11-25,17.1,27.7,22.1,11.3,31.7,0.0,18.23,,,3,0
2024-11-26,18.1,26.2,21.6,18.0,43.6,0.0,14.03,,,3,0
2024-11-27,18.9,26.4,21.7,19.9,48.6,0.0,14.39,,,3,0
2024-11-28,17.5,26.9,21.4,16.6,42.1,0.0,20.65,,,3,0
2024-11-29,18.2,25.4,21.6,20.9,51.8,0.8,13.82,,,51,1
2024-11-30,19.0,23.6,21.0,20.7,50.0,0.3,5.26,,,51,1
2024-12-01,19.9,24.5,21.4,22.3,52.6,8.0,7.26,,,63,2
2024-12-02,20.4,23.2,21.2,18.0,40.0,35.0,4.16,,,63,2
2024-12-03,20.0,26.0,22.2,13.7,31.3,4.7,13.59,,,63,2
2024-12-04,18.7,25.8,21.9,15.7,37.8,0.0,16.82,,,3,0
2024-12-05,19.8,26.1,22.2,11.1,29.5,0.8,17.09,,,51,1
2024-12-06,19.4,26.7,22.5,12.1,27.4,0.0,20.21,,,3,0
2024-12-07,19.2,27.0,22.2,11.3,27.7,0.6,19.31,,,51,1
2024-12-08,18.4,26.7,22.0,10.6,26.3,0.0,20.12,,,3,0
2024-12-09,18.3,27.5,22.4,10.3,26.6,0.1,19.57,,,51,1
2024-12-10,18.5,27.9,22.5,12.4,33.5,0.0,18.95,,,3,0
2024-12-11,18.3,26.4,21.9,16.4,41.8,0.0,15.8,,,3,0
2024-12-12,19.0,22.0,20.2,15.5,35.6,21.2,4.03,,,63,2
2024-12-13,19.6,24.4,21.2,18.6,42.5,1.3,9.08,,,53,1
2024-12-14,17.6,26.1,21.2,18.2,43.9,0.0,20.12,,,3,0
2024-12-15,15.0,24.3,19.3,13.3,34.2,0.0,20.27,,,3,0
2024-12-16,15.1,24.8,19.2,11.4,28.8,0.0,20.91,,,3,0
2024-12-17,14.5,27.1,20.4,10.7,28.1,0.0,20.35,,,3,0
2024-12-18,17.0,25.9,21.6,12.3,33.8,0.3,15.8,,,51,1
2024-12-19,19.1,28.0,22.8,10.9,30.6,0.3,16.45,,,51,1
2024-12-20,18.7,27.8,22.8,12.6,33.8,0.1,13.82,,,51,1
2024-12-21,18.0,29.0,23.1,9.9,24.5,0.0,18.5,,,3,0
2024-12-22,17.8,28.1,22.8,11.5,25.9,0.0,16.26,,,3,0
2024-12-23,18.3,27.0,22.4,10.0,28.4,0.0,14.63,,,3,0
2024-12-24,17.6,27.2,22.3,11.5,27.0,0.0,15.4,,,3,0
2024-12-25,17.2,27.8,22.2,11.0,31.0,0.0,14.62,,,3,0
2024-12-26,18.4,26.2,22.1,17.5,45.0,3.6,15.47,,,55,1
2024-12-27,18.5,25.3,21.1,19.0,46.1,1.7,14.1,,,51,1
2024-12-28,17.5,26.1,21.1,15.5,36.4,0.0,19.44,,,3,0
2024-12-29,16.8,26.8,21.3,14.3,35.3,0.0,19.72,,,3,0
2024-12-30,16.7,25.7,21.2,14.4,36.4,0.0,13.01,,,3,0
2024-12-31,17.0,27.5,21.6,15.8,41.8,0.0,20.93,,,3,0
2025-01-01,15.9,26.5,20.9,14.7,40.7,0.0,20.78,,,3,0
2025-01-02,16.2,26.3,20.5,14.2,38.9,0.0,20.79,,,3,0
2025-01-03,16.3,25.8,20.2,15.9,41.0,0.0,20.59,,,3,0
2025-01-04,14.2,25.7,19.7,12.5,35.3,0.0,20.84,,,3,0
2025-01-05,14.9,26.4,20.2,11.6,28.1,0.0,20.58,,,3,0
2025-01-06,15.7,26.2,20.4,11.9,26.6,0.0,21.45,,,3,0
2025-01-07,15.3,27.3,21.3,10.2,27.4,0.0,20.99,,,3,0
2025-01-08,16.4,27.1,21.0,12.6,32.0,0.0,21.66,,,3,0
2025-01-09,14.6,25.8,19.8,16.7,41.4,0.0,20.68,,,3,0
2025-01-10,15.9,26.8,20.8,14.7,38.5,0.0,18.07,,,3,0
2025-01-11,17.7,27.7,21.7,13.7,33.1,0.0,17.72,,,3,0
2025-01-12,17.1,28.6,21.8,14.7,34.2,0.0,18.51,,,3,0
2025-01-13,19.0,28.1,22.4,14.5,39.6,0.8,17.02,,,51,1
2025-01-14,18.5,27.5,22.1,16.2,41.0,0.1,16.84,,,51,1
2025-01-15,16.8,25.5,20.4,15.7,38.9,0.2,13.36,,,51,1
2025-01-16,16.0,26.6,20.8,17.7,42.5,0.0,20.47,,,3,0
2025-01-17,16.2,26.7,20.7,14.8,39.2,0.0,21.32,,,3,0
2025-01-18,15.8,27.2,21.1,14.2,39.6,0.0,20.4,,,3,0
2025-01-19,18.2,22.9,19.9,15.6,38.9,6.0,6.71,,,61,2
2025-01-20,17.8,27.2,21.6,11.5,31.7,0.0,21.91,,,3,0
2025-01-21,15.6,27.8,20.9,11.6,33.1,0.0,22.23,,,3,0
2025-01-22,15.4,28.6,21.5,13.8,36.4,0.0,21.69,,,3,0
2025-01-23,16.6,29.6,22.4,13.0,34.9,0.0,21.71,,,3,0
2025-01-24,16.3,27.6,21.3,12.1,34.2,0.0,22.53,,,3,0
2025-01-25,14.9,29.0,21.4,13.9,34.9,0.0,22.63,,,3,0
2025-01-26,15.1,29.1,21.8,15.9,42.8,0.0,23.42,,,3,0
2025-01-27,14.9,28.2,21.3,12.0,34.9,0.0,23.21,,,3,0
2025-01-28,15.5,28.1,21.3,11.2,31.0,0.0,22.34,,,3,0
2025-01-29,15.1,29.4,21.9,12.5,35.6,0.0,22.39,,,3,0
2025-01-30,16.0,29.3,22.4,10.5,27.4,0.0,22.34,,,3,0
2025-01-31,18.4,30.4,24.2,10.9,31.0,0.0,22.5,,,3,0
