date,temperature_2m_max,temperature_2m_min,temperature_2m_mean,precipitation_sum,windspeed_10m_max,windgusts_10m_max,weathercode,shortwave_radiation_sum
2022-01-01,25.8,18.1,20.8,2.3,22.1,40.3,53,15.25
2022-01-02,27.0,16.1,20.7,0.0,18.8,37.1,3,19.52
2022-01-03,26.9,15.6,20.4,0.0,16.6,29.5,3,18.28
2022-01-04,26.4,16.3,20.3,0.0,16.2,30.6,3,20.92
2022-01-05,26.4,14.8,20.2,0.0,15.9,31.3,3,21.37
2022-01-06,26.9,16.1,20.8,0.0,15.5,28.1,3,20.65
2022-01-07,26.3,17.2,21.3,0.1,17.2,31.0,51,16.55
2022-01-08,26.9,17.7,21.6,0.0,17.3,32.4,3,16.44
2022-01-09,27.0,17.1,21.4,0.0,13.7,24.8,3,17.47
2022-01-10,27.0,17.0,21.4,0.2,16.2,26.6,51,19.66
2022-01-11,27.9,16.2,21.5,0.1,14.3,27.0,51,20.39
2022-01-12,27.1,18.1,21.7,0.2,13.0,27.4,51,19.01
2022-01-13,27.3,17.0,21.5,0.0,14.7,31.0,3,21.29
2022-01-14,27.3,17.5,21.5,0.0,13.0,28.8,3,21.1
2022-01-15,28.2,16.1,21.7,0.0,16.6,28.4,3,21.75
2022-01-16,27.0,18.1,21.6,0.5,18.2,31.7,51,19.71
2022-01-17,26.8,17.3,21.1,0.2,19.5,34.9,51,19.44
2022-01-18,27.2,16.0,21.2,0.0,14.7,28.4,3,18.85
2022-01-19,27.1,15.7,20.8,0.0,13.6,27.4,3,22.09
2022-01-20,28.2,13.7,20.6,0.0,13.0,28.4,3,22.28
2022-01-21,30.1,15.2,22.0,0.0,18.0,36.7,3,22.51
2022-01-22,29.1,14.4,21.4,0.0,12.5,27.0,3,22.16
2022-01-23,28.5,14.4,21.3,0.0,12.9,28.1,0,22.59
2022-01-24,27.5,13.7,20.7,0.0,13.2,27.7,3,22.59
2022-01-25,27.6,14.2,20.7,0.0,14.2,28.8,3,19.75
2022-01-26,27.4,16.8,21.8,0.0,13.0,24.8,3,20.02
2022-01-27,25.2,17.4,21.1,2.3,16.6,28.4,53,14.88
2022-01-28,26.6,17.0,21.0,0.0,24.0,45.4,3,19.08
2022-01-29,27.8,15.9,21.1,0.0,19.3,37.8,3,18.09
2022-01-30,28.1,17.1,22.1,0.2,12.5,24.5,51,16.96
2022-01-31,29.6,17.9,23.3,0.0,15.5,26.3,3,21.56
2022-02-01,29.4,18.2,23.1,0.0,11.6,23.4,3,22.72
2022-02-02,29.8,16.7,22.6,0.0,13.7,22.3,3,23.0
2022-02-03,29.0,16.7,22.4,0.0,13.5,29.2,1,22.23
2022-02-04,29.4,15.5,22.3,0.0,12.3,27.7,3,24.08
2022-02-05,29.6,16.1,22.4,0.0,14.4,23.0,3,23.49
2022-02-06,28.2,17.6,22.5,0.0,15.9,30.2,3,20.35
2022-02-07,29.0,18.4,23.0,0.0,13.8,24.8,3,20.15
2022-02-08,28.8,16.2,22.2,0.0,12.9,24.8,3,22.62
2022-02-09,28.5,15.4,21.7,0.0,17.6,31.3,3,23.3
2022-02-10,28.8,15.9,21.7,0.0,16.3,28.4,3,24.03
2022-02-11,29.1,15.9,22.1,0.0,20.7,40.0,3,24.23
2022-02-12,28.8,16.3,22.2,0.0,20.5,39.6,1,23.65
2022-02-13,28.5,16.1,21.9,0.0,15.5,29.9,3,22.89
2022-02-14,28.3,15.8,21.9,0.0,16.8,27.7,3,21.04
2022-02-15,28.7,17.0,22.6,0.0,17.1,29.2,3,21.17
2022-02-16,29.4,16.0,22.6,0.0,19.2,32.8,3,19.55
2022-02-17,29.5,16.4,22.6,0.0,21.8,37.1,3,21.45
2022-02-18,29.4,15.2,22.3,0.0,20.4,37.1,3,23.82
2022-02-19,29.6,15.9,22.4,0.0,16.3,34.2,2,24.84
2022-02-20,30.7,16.0,22.9,0.0,15.5,26.3,3,24.96
2022-02-21,31.4,16.9,23.8,0.0,12.1,22.3,3,24.72
2022-02-22,31.4,18.6,24.5,0.0,19.8,33.1,2,23.72
2022-02-23,29.8,17.0,23.1,0.0,17.8,34.6,3,24.94
2022-02-24,29.0,15.9,22.1,0.0,14.9,30.2,3,25.61
2022-02-25,30.7,14.6,22.6,0.0,16.6,30.2,3,25.9
2022-02-26,29.7,15.7,22.1,0.0,16.0,30.6,3,25.68
2022-02-27,29.9,17.3,22.9,0.0,16.8,30.6,3,25.38
2022-02-28,29.3,15.9,22.8,0.0,17.6,29.9,0,25.97
2022-03-01,30.0,17.0,23.6,0.0,19.1,33.5,3,24.71
2022-03-02,30.2,17.2,23.3,0.0,19.7,39.6,3,25.56
2022-03-03,30.5,16.4,23.2,0.0,22.4,43.9,3,25.29
2022-03-04,31.2,16.0,23.4,0.0,23.2,45.4,3,25.96
2022-03-05,30.9,15.8,23.3,0.0,20.4,41.0,3,25.69
2022-03-06,30.6,17.2,23.4,0.0,22.6,44.6,3,21.73
2022-03-07,27.7,17.6,21.7,3.4,22.5,43.6,55,19.2
2022-03-08,30.1,17.3,23.5,0.1,17.1,33.8,51,25.74
2022-03-09,31.7,17.6,24.5,0.0,17.7,34.9,3,26.05
2022-03-10,32.5,18.7,25.0,0.0,18.3,37.4,2,25.27
2022-03-11,32.3,18.1,25.0,0.0,18.8,35.6,2,26.45
2022-03-12,32.2,17.9,25.0,0.0,19.6,39.2,3,26.13
2022-03-13,31.8,18.5,25.2,0.0,19.1,38.5,3,24.03
2022-03-14,32.8,18.8,25.6,0.0,17.9,37.1,2,25.98
2022-03-15,33.1,17.8,25.2,0.0,13.5,29.5,3,26.22
2022-03-16,33.2,17.4,25.1,0.0,20.4,40.0,3,25.89
2022-03-17,33.7,18.3,26.3,0.0,16.5,34.9,3,25.93
2022-03-18,34.2,19.2,26.4,0.0,15.1,25.9,3,24.78
2022-03-19,32.3,19.1,25.9,0.0,19.9,36.7,3,20.86
2022-03-20,29.9,22.0,24.7,0.0,10.6,23.4,3,9.15
2022-03-21,32.9,19.8,24.9,0.2,17.1,32.8,51,20.68
2022-03-22,31.1,20.9,24.7,0.0,12.2,26.6,3,17.01
2022-03-23,32.9,20.9,26.4,0.0,15.8,31.3,3,22.6
2022-03-24,32.6,20.5,26.2,0.4,21.1,40.0,51,21.97
2022-03-25,32.2,20.3,26.0,0.0,13.9,33.1,3,22.2
2022-03-26,33.1,20.1,26.3,0.0,14.3,25.6,3,23.29
2022-03-27,34.2,20.8,26.8,0.0,19.7,37.8,1,24.15
2022-03-28,34.3,20.7,27.1,0.0,15.2,33.5,2,23.84
2022-03-29,33.9,21.2,27.2,0.1,13.0,30.2,51,24.08
2022-03-30,33.8,21.4,27.6,0.2,16.0,28.1,51,23.27
2022-03-31,32.2,21.6,27.2,0.0,11.1,26.6,3,21.31
2022-04-01,33.5,21.6,27.4,0.0,16.4,32.0,3,22.97
2022-04-02,32.7,20.2,26.5,0.0,14.0,32.4,2,23.66
2022-04-03,33.6,19.8,26.4,0.0,19.1,37.4,1,26.41
2022-04-04,32.9,19.6,26.3,0.0,19.2,40.0,3,25.47
2022-04-05,33.1,19.5,25.9,0.0,22.3,41.0,3,25.41
2022-04-06,33.8,18.8,26.1,0.0,15.6,34.2,3,26.71
2022-04-07,35.3,20.0,26.9,0.0,26.6,48.6,2,25.74
2022-04-08,33.1,19.4,26.4,0.1,15.5,32.0,51,24.39
2022-04-09,33.7,20.5,26.8,0.0,17.2,34.2,3,24.64
2022-04-10,34.0,20.3,26.8,0.0,18.8,38.9,3,25.26
2022-04-11,33.9,20.4,26.9,0.0,17.5,36.4,3,25.88
2022-04-12,33.3,20.9,26.3,0.0,18.8,40.7,3,24.08
2022-04-13,31.5,21.7,25.5,2.5,21.9,42.8,61,19.92
2022-04-14,32.1,20.9,24.8,12.8,15.8,31.3,65,16.69
2022-04-15,33.6,20.3,25.9,5.3,13.2,39.6,63,23.31
2022-04-16,33.8,20.2,25.8,4.2,21.4,39.6,63,24.69
2022-04-17,32.9,19.3,24.2,10.5,21.8,35.3,63,19.89
2022-04-18,31.7,19.1,24.2,0.2,15.9,39.2,51,21.95
2022-04-19,33.1,19.5,25.9,0.0,17.1,33.1,3,24.68
2022-04-20,34.3,20.5,27.6,0.0,15.9,32.4,3,24.75
2022-04-21,33.7,20.8,27.0,0.0,18.2,35.6,2,25.56
2022-04-22,33.3,20.0,26.1,0.0,19.5,36.7,3,25.73
2022-04-23,32.9,20.5,26.3,0.0,16.3,31.7,3,24.17
2022-04-24,33.1,20.2,26.3,0.0,13.9,25.9,3,19.36
2022-04-25,34.7,20.8,27.5,0.0,15.1,29.9,1,24.02
2022-04-26,34.7,21.5,27.9,0.0,14.7,29.2,2,25.12
2022-04-27,35.3,21.2,28.2,0.0,17.3,33.8,1,26.09
2022-04-28,34.8,21.8,27.9,0.0,14.5,30.6,1,25.96
2022-04-29,37.1,21.7,28.9,0.0,18.0,35.3,3,25.59
2022-04-30,34.6,21.7,27.8,0.0,17.3,35.3,3,24.13
2022-05-01,34.2,21.6,27.8,0.0,14.2,34.2,3,23.37
2022-05-02,34.2,21.6,27.5,0.0,13.0,31.0,3,24.2
2022-05-03,34.0,20.6,26.4,1.6,21.6,36.0,55,23.41
2022-05-04,33.2,21.3,26.1,0.7,11.2,23.0,53,24.46
2022-05-05,31.3,20.2,24.6,0.6,16.7,36.7,51,19.64
2022-05-06,31.0,20.3,24.0,10.7,10.5,27.7,65,19.75
2022-05-07,31.4,20.1,25.3,0.6,15.5,32.0,53,22.07
2022-05-08,33.0,19.7,26.1,0.1,14.6,30.6,51,22.42
2022-05-09,31.5,19.8,25.7,0.1,13.7,30.2,51,17.83
2022-05-10,27.1,21.4,23.2,4.9,23.9,43.2,61,6.89
2022-05-11,25.5,20.7,22.6,0.4,27.7,48.6,51,6.97
2022-05-12,24.7,20.3,21.9,20.6,22.1,41.0,65,11.04
2022-05-13,27.2,20.2,22.6,18.1,20.4,36.7,63,11.15
2022-05-14,28.8,20.2,23.3,14.6,16.3,30.6,65,14.94
2022-05-15,29.1,20.7,23.8,17.3,15.6,29.5,65,18.34
2022-05-16,27.6,20.9,23.0,25.1,15.0,31.0,63,14.32
2022-05-17,28.0,20.6,23.0,18.0,10.9,26.6,63,14.9
2022-05-18,27.3,20.5,22.6,13.4,16.2,32.8,63,12.33
2022-05-19,24.6,19.2,21.5,0.9,26.3,47.2,51,14.0
2022-05-20,26.1,18.4,22.0,4.9,22.9,49.0,63,18.82
2022-05-21,26.9,19.2,22.7,0.5,27.8,51.5,51,18.95
2022-05-22,27.7,19.8,22.8,0.6,23.1,46.1,53,18.99
2022-05-23,29.4,19.6,24.2,0.3,20.0,36.7,51,25.09
2022-05-24,29.5,20.1,24.5,0.4,14.6,29.5,51,23.37
2022-05-25,29.5,20.5,24.7,0.5,13.3,25.9,51,21.69
2022-05-26,29.4,19.9,23.6,3.6,12.6,29.5,61,21.73
2022-05-27,29.3,19.8,23.9,0.1,15.5,31.7,51,25.43
2022-05-28,29.5,19.2,24.1,0.3,15.5,33.1,51,25.66
2022-05-29,29.7,19.4,24.2,0.0,14.6,31.3,3,25.69
2022-05-30,29.8,19.5,23.8,6.2,22.0,40.7,63,22.94
2022-05-31,29.3,19.2,23.6,2.1,16.6,31.0,61,22.91
2022-06-01,29.1,19.4,23.0,4.8,18.9,34.9,61,19.84
2022-06-02,29.5,19.4,23.7,0.5,16.2,31.0,51,22.32
2022-06-03,29.7,19.7,23.9,8.7,24.0,42.1,63,25.28
2022-06-04,31.4,19.8,24.7,9.4,14.0,37.1,65,25.1
2022-06-05,30.2,20.2,23.9,15.1,21.0,36.0,65,23.08
2022-06-06,29.1,19.9,23.6,7.4,13.8,35.3,63,22.17
2022-06-07,27.3,19.8,23.0,1.3,18.4,31.7,53,15.13
2022-06-08,29.3,19.8,23.6,0.4,19.5,37.4,51,24.31
2022-06-09,29.5,20.0,23.9,0.7,20.9,37.8,53,24.4
2022-06-10,29.0,19.3,23.9,1.8,21.2,40.3,61,21.96
2022-06-11,28.4,19.3,23.1,1.6,20.7,39.2,53,21.53
2022-06-12,28.3,19.3,23.0,11.0,19.7,36.4,63,21.74
2022-06-13,28.8,19.2,23.6,0.1,16.9,35.3,51,23.11
2022-06-14,29.2,19.4,23.4,11.8,14.0,27.4,65,23.23
2022-06-15,27.6,20.5,23.0,0.5,16.6,32.0,51,17.0
2022-06-16,28.6,19.9,23.0,10.2,15.0,30.2,63,20.45
2022-06-17,28.1,19.5,22.8,7.7,12.2,24.8,63,18.57
2022-06-18,26.6,19.5,22.3,24.1,10.7,22.7,65,17.07
2022-06-19,27.6,19.9,22.7,3.0,12.4,25.6,55,18.2
2022-06-20,28.0,19.2,23.0,1.7,16.2,31.7,61,20.4
2022-06-21,27.0,19.8,22.2,7.1,19.9,49.7,63,15.39
2022-06-22,26.2,19.8,22.2,0.9,19.7,38.2,51,16.82
2022-06-23,26.7,19.6,22.1,0.9,21.1,40.7,53,13.6
2022-06-24,27.4,19.4,23.0,1.2,25.1,49.3,53,18.96
2022-06-25,27.9,19.6,22.4,10.2,27.2,53.3,63,17.92
2022-06-26,27.1,20.2,23.1,1.0,27.5,49.7,51,19.23
2022-06-27,27.8,19.6,23.0,0.5,23.8,46.1,51,19.26
2022-06-28,27.4,19.5,22.8,1.0,19.5,35.6,51,16.31
2022-06-29,27.7,19.8,22.5,3.0,22.6,43.9,53,17.23
2022-06-30,27.6,19.5,22.4,13.3,19.7,41.0,63,17.71
2022-07-01,27.2,19.6,22.9,6.3,24.9,46.1,63,18.79
2022-07-02,28.2,19.6,23.4,3.4,24.1,44.6,63,19.51
2022-07-03,28.0,19.9,22.6,4.9,20.0,39.6,61,16.46
2022-07-04,25.2,20.3,21.8,1.7,29.2,55.1,51,10.68
2022-07-05,24.0,19.8,21.3,10.3,27.2,49.0,61,8.93
2022-07-06,24.9,19.7,21.6,3.6,25.9,45.4,51,10.41
2022-07-07,24.1,19.8,21.3,15.2,24.5,45.4,63,13.05
2022-07-08,26.1,19.5,22.1,1.4,31.1,55.8,53,18.21
2022-07-09,23.7,19.5,21.0,11.4,27.7,48.6,61,10.66
2022-07-10,25.0,19.5,21.4,4.1,30.1,60.1,53,13.02
2022-07-11,24.1,19.3,20.9,5.0,27.8,54.7,53,11.23
2022-07-12,26.1,18.9,22.0,0.9,32.0,58.3,51,16.8
2022-07-13,26.2,19.7,21.7,3.3,32.8,64.8,53,15.89
2022-07-14,26.2,19.6,22.0,5.3,34.8,69.5,61,18.67
2022-07-15,27.0,19.7,22.7,1.7,29.2,56.2,53,19.79
2022-07-16,27.1,19.6,22.3,7.2,29.0,51.8,63,17.86
2022-07-17,27.7,19.7,22.5,5.0,27.0,49.0,61,16.17
2022-07-18,26.8,20.0,22.1,5.0,22.1,41.0,61,13.76
2022-07-19,27.4,18.9,22.5,1.8,17.7,32.8,55,19.64
2022-07-20,28.6,19.7,23.0,18.6,12.2,25.2,65,21.64
2022-07-21,27.9,19.9,22.8,10.0,17.3,31.7,63,18.96
2022-07-22,26.8,19.9,22.4,12.9,16.9,35.6,65,15.8
2022-07-23,26.9,19.2,21.9,1.6,19.8,37.1,51,16.5
2022-07-24,26.3,18.7,22.1,1.7,22.5,42.5,53,18.23
2022-07-25,27.4,18.6,22.8,0.3,19.8,37.4,51,22.23
2022-07-26,26.8,19.1,22.2,2.5,16.8,33.8,55,18.15
2022-07-27,28.4,18.3,22.3,5.6,13.7,26.3,63,21.16
2022-07-28,28.0,19.1,22.5,4.9,12.2,22.3,61,19.8
2022-07-29,28.9,18.7,22.9,5.0,12.5,21.6,61,21.97
2022-07-30,28.2,18.8,22.9,12.7,12.9,24.5,63,21.09
2022-07-31,28.2,19.3,22.9,9.9,11.5,28.1,63,19.63
2022-08-01,27.8,19.8,22.6,39.6,12.0,29.2,65,19.34
2022-08-02,27.6,19.6,22.5,25.0,14.1,28.4,63,16.26
2022-08-03,26.8,19.2,21.7,17.7,11.4,23.8,63,14.25
2022-08-04,25.0,19.6,21.5,17.6,18.9,32.4,63,10.5
2022-08-05,23.1,19.6,20.8,24.2,31.9,58.3,63,10.0
2022-08-06,25.0,19.6,21.5,5.2,28.6,55.1,61,14.08
2022-08-07,24.0,19.9,21.5,5.2,29.9,51.8,53,12.04
2022-08-08,25.9,19.8,21.9,3.7,32.4,61.2,55,15.33
2022-08-09,26.4,19.9,22.3,0.9,36.6,64.8,51,19.19
2022-08-10,26.4,19.3,22.2,2.5,34.9,61.2,51,20.05
2022-08-11,27.1,19.3,22.4,1.7,32.0,60.1,51,20.24
2022-08-12,26.7,20.0,22.7,1.0,28.2,50.8,51,17.9
2022-08-13,27.4,19.2,22.5,0.5,23.1,42.1,51,18.12
2022-08-14,26.2,18.7,22.1,0.0,22.5,41.8,3,15.85
2022-08-15,27.6,18.3,22.5,0.0,18.4,36.0,3,20.69
2022-08-16,27.7,18.5,23.0,0.3,12.8,28.1,51,23.76
2022-08-17,28.0,18.6,23.3,0.2,11.9,25.2,51,22.61
2022-08-18,28.3,19.2,23.3,0.9,16.9,33.1,51,21.83
2022-08-19,27.5,19.8,23.0,0.3,19.2,35.3,51,19.38
2022-08-20,27.1,19.0,22.9,0.3,16.9,34.2,51,17.68
2022-08-21,25.9,19.2,22.2,3.6,17.6,37.8,55,14.93
2022-08-22,27.2,19.4,22.1,4.4,23.5,42.8,55,19.59
2022-08-23,27.4,19.2,22.1,3.2,20.6,39.2,55,19.37
2022-08-24,25.8,19.1,21.3,8.0,19.0,35.3,63,13.56
2022-08-25,26.7,19.1,21.7,9.3,18.0,33.8,63,16.41
2022-08-26,26.1,19.1,21.7,20.2,16.4,30.6,63,13.98
2022-08-27,27.4,19.4,21.7,16.7,17.0,31.7,63,16.2
2022-08-28,26.9,19.3,22.1,4.2,16.3,30.6,61,17.75
2022-08-29,27.1,19.2,22.1,17.3,10.7,23.8,63,14.45
2022-08-30,28.0,19.2,22.7,9.3,14.7,29.2,63,21.81
2022-08-31,27.4,19.4,22.2,5.2,20.1,36.7,63,17.01
2022-09-01,27.0,19.5,21.9,12.5,14.4,30.2,65,14.47
2022-09-02,27.6,19.1,22.6,1.4,12.1,23.8,51,20.25
2022-09-03,27.9,19.0,23.0,1.6,8.6,16.2,53,20.83
2022-09-04,28.4,19.0,23.1,11.8,11.9,23.0,63,19.77
2022-09-05,28.7,19.2,22.5,5.8,12.4,22.7,61,20.57
2022-09-06,27.5,18.2,22.0,12.7,11.0,20.2,63,20.75
2022-09-07,26.2,19.7,21.8,8.1,16.6,34.2,63,13.99
2022-09-08,23.4,19.6,21.1,7.3,18.9,34.6,53,9.82
2022-09-09,26.2,19.4,22.0,3.0,22.6,40.7,53,17.72
2022-09-10,26.7,19.8,21.9,8.9,23.5,46.1,63,14.9
2022-09-11,26.9,19.4,22.5,2.6,30.4,54.4,55,19.1
2022-09-12,27.0,19.5,22.5,0.8,31.1,54.7,51,20.49
2022-09-13,27.0,18.6,22.1,1.2,22.4,40.7,51,18.14
2022-09-14,27.0,19.3,22.1,1.2,19.2,35.3,51,18.09
2022-09-15,26.3,18.6,21.9,0.8,18.7,35.3,53,16.15
2022-09-16,27.4,18.3,22.2,0.1,17.9,34.9,51,20.28
2022-09-17,27.2,18.6,22.4,0.4,14.4,30.6,51,20.95
2022-09-18,27.1,18.4,22.5,0.4,14.8,30.6,51,21.23
2022-09-19,27.4,18.8,22.0,0.4,20.9,41.8,51,17.52
2022-09-20,27.3,17.4,21.7,0.1,21.0,37.4,51,21.01
2022-09-21,27.0,17.8,21.8,0.9,17.8,34.6,51,19.17
2022-09-22,27.4,18.2,21.9,0.0,20.5,38.5,3,23.15
2022-09-23,27.1,17.5,22.0,0.4,16.9,33.1,51,23.98
2022-09-24,27.9,18.1,22.2,1.6,17.9,35.3,53,22.25
2022-09-25,27.8,18.2,22.5,0.6,14.5,30.6,51,23.12
2022-09-26,26.3,19.3,22.2,3.0,16.3,36.0,61,15.07
2022-09-27,27.6,19.8,22.9,1.2,16.4,30.6,51,18.21
2022-09-28,27.9,19.9,23.4,0.3,14.3,30.2,51,20.97
2022-09-29,27.8,18.7,22.7,0.0,17.1,34.9,3,22.39
2022-09-30,24.9,18.6,21.2,8.1,19.7,38.5,61,12.09
2022-10-01,22.9,19.4,20.6,6.0,17.9,36.7,55,6.2
2022-10-02,26.9,19.4,22.0,0.9,20.4,38.2,51,16.66
2022-10-03,26.8,18.5,22.3,0.7,19.2,36.7,51,16.83
2022-10-04,26.7,18.4,22.3,0.2,19.0,36.0,51,17.39
2022-10-05,27.2,18.9,22.5,1.2,17.9,34.2,53,19.97
2022-10-06,25.6,19.1,21.4,5.5,16.8,34.6,63,13.97
2022-10-07,26.8,17.7,21.7,1.1,14.5,29.5,51,19.45
2022-10-08,27.0,16.4,22.1,0.1,11.3,21.2,51,20.22
2022-10-09,26.1,18.7,21.6,15.9,13.8,26.3,63,12.87
2022-10-10,26.8,19.2,21.9,9.7,9.4,20.9,63,15.22
2022-10-11,25.9,19.6,22.1,6.5,13.9,27.7,61,16.28
2022-10-12,26.0,18.7,21.4,23.6,10.8,22.7,65,14.88
2022-10-13,26.3,18.6,21.8,21.9,9.8,20.2,63,17.39
2022-10-14,26.4,18.9,21.8,8.2,10.3,18.7,61,16.13
2022-10-15,27.4,18.7,22.3,7.8,13.8,25.9,63,20.0
2022-10-16,26.5,18.8,22.0,17.1,13.8,27.7,63,16.39
2022-10-17,27.3,19.4,22.2,2.7,16.2,33.5,61,19.63
2022-10-18,26.4,18.9,21.8,2.9,9.7,20.5,55,15.26
2022-10-19,27.1,18.1,21.9,6.5,7.2,20.5,63,18.15
2022-10-20,26.8,18.1,21.6,10.7,15.3,33.5,65,19.35
2022-10-21,27.0,18.1,21.6,2.7,18.9,38.2,53,18.58
2022-10-22,26.8,17.4,21.5,0.0,16.8,31.7,3,23.13
2022-10-23,25.7,16.0,20.4,0.0,13.6,27.4,3,24.1
2022-10-24,25.0,14.9,19.5,0.0,15.7,30.6,3,24.6
2022-10-25,25.0,13.7,19.6,0.0,10.7,24.5,3,24.76
2022-10-26,25.6,14.5,20.1,0.0,10.3,22.7,2,23.95
2022-10-27,27.1,15.3,20.7,0.0,12.4,25.6,3,23.22
2022-10-28,25.9,17.2,20.9,0.3,15.5,31.0,51,17.23
2022-10-29,25.9,18.1,21.5,1.0,19.0,35.3,51,18.15
2022-10-30,25.9,18.4,21.3,1.5,17.6,32.4,51,16.11
2022-10-31,26.4,17.6,21.2,0.0,16.5,33.1,3,21.21
2022-11-01,24.5,17.1,20.0,14.0,16.4,35.3,63,12.15
2022-11-02,23.6,17.5,19.8,9.9,19.4,37.1,63,9.09
2022-11-03,25.2,18.6,21.3,0.3,19.1,36.4,51,17.64
2022-11-04,26.7,18.8,21.9,1.3,20.0,36.4,53,19.35
2022-11-05,26.8,19.0,21.9,0.5,18.7,35.3,51,20.11
2022-11-06,26.1,17.7,21.4,0.4,18.5,34.6,51,18.53
2022-11-07,26.2,17.1,20.9,0.0,15.2,30.6,3,22.54
2022-11-08,27.1,17.1,21.4,0.0,15.9,31.7,3,20.86
2022-11-09,26.9,16.2,21.0,0.0,13.9,28.8,3,22.89
2022-11-10,27.1,16.5,21.2,0.3,17.7,32.4,51,20.81
2022-11-11,21.8,17.9,19.4,20.5,23.9,42.5,63,6.09
2022-11-12,23.1,18.6,20.5,3.0,26.8,48.2,53,8.97
2022-11-13,24.5,18.6,20.9,2.0,23.6,43.6,53,11.13
2022-11-14,26.5,18.3,21.4,1.5,16.3,31.3,51,18.12
2022-11-15,25.8,18.2,21.4,1.5,12.6,23.4,51,18.14
2022-11-16,26.7,18.0,21.6,0.0,11.2,25.2,3,20.87
2022-11-17,25.9,14.8,19.9,0.0,13.0,27.0,3,22.78
2022-11-18,25.7,13.3,19.1,0.0,14.3,29.5,3,21.97
2022-11-19,25.3,13.0,18.8,0.0,16.8,33.8,3,22.69
2022-11-20,24.6,12.9,18.5,0.0,13.4,28.4,3,18.98
2022-11-21,24.9,13.8,19.2,0.1,13.8,29.2,51,17.16
2022-11-22,24.7,16.6,20.0,1.8,15.6,28.4,53,10.3
2022-11-23,24.1,18.4,20.3,8.3,8.3,22.0,61,8.55
2022-11-24,26.3,19.2,21.1,3.7,16.4,31.3,61,9.97
2022-11-25,26.6,18.2,21.6,0.4,15.3,30.2,51,17.04
2022-11-26,27.3,18.0,21.6,0.0,11.5,25.9,3,18.99
2022-11-27,26.7,18.5,22.0,0.8,11.5,20.9,51,17.36
2022-11-28,27.3,18.7,22.3,0.9,9.1,19.4,51,18.58
2022-11-29,27.2,18.1,22.0,0.1,12.6,26.3,51,19.66
2022-11-30,26.0,15.8,20.1,0.0,12.3,25.6,3,21.24
2022-12-01,26.3,16.6,21.0,0.7,17.7,32.0,51,13.54
2022-12-02,26.9,18.9,22.3,0.0,14.2,30.2,3,17.5
2022-12-03,27.3,18.4,22.1,0.3,17.7,35.3,51,18.22
2022-12-04,27.7,19.2,22.6,0.0,17.2,35.3,3,19.35
2022-12-05,27.2,17.1,21.7,0.0,20.8,40.0,3,16.64
2022-12-06,27.1,17.8,21.8,0.0,14.4,29.5,3,19.68
2022-12-07,27.0,16.4,20.4,0.0,16.5,32.8,3,17.38
2022-12-08,25.6,15.9,20.6,0.2,18.4,36.4,51,15.21
2022-12-09,20.4,15.8,18.0,3.4,21.6,39.6,61,6.85
2022-12-10,18.5,16.6,17.7,32.5,25.8,44.6,63,2.61
2022-12-11,21.8,17.8,19.5,4.5,14.8,25.2,61,6.82
2022-12-12,23.8,18.4,20.6,4.0,17.8,35.3,55,13.37
2022-12-13,24.5,18.9,20.6,7.0,20.3,40.0,63,15.58
2022-12-14,25.0,17.7,20.6,0.1,21.3,39.6,51,17.15
2022-12-15,25.6,15.7,20.0,0.0,14.8,29.9,3,21.21
2022-12-16,25.9,15.2,19.8,0.0,16.6,32.0,3,21.0
2022-12-17,26.1,15.2,20.1,0.0,18.8,36.0,3,20.26
2022-12-18,26.0,16.5,20.6,0.0,21.0,39.6,3,17.33
2022-12-19,24.6,16.6,19.9,0.1,17.1,34.2,51,20.78
2022-12-20,26.3,14.8,19.7,0.0,16.4,31.7,3,20.8
2022-12-21,25.7,14.8,19.3,0.0,16.2,32.0,3,20.88
2022-12-22,25.7,14.3,19.1,0.0,19.2,37.1,3,21.27
2022-12-23,26.4,13.3,19.3,0.0,14.5,28.1,3,21.35
2022-12-24,26.7,12.9,19.3,0.0,15.3,28.8,3,21.16
2022-12-25,25.5,16.1,20.2,1.5,21.2,38.5,51,11.97
2022-12-26,26.4,19.0,21.6,0.8,19.6,37.1,51,14.87
2022-12-27,26.6,18.7,21.6,1.4,19.7,36.7,51,14.81
2022-12-28,26.9,18.5,21.9,0.0,14.2,29.5,3,17.84
2022-12-29,27.4,16.5,21.0,0.0,14.1,29.2,3,20.49
2022-12-30,27.1,15.8,20.7,0.0,13.9,28.1,3,21.19
2022-12-31,27.1,14.8,20.2,0.0,10.4,25.2,3,21.41
2023-01-01,27.4,14.9,20.7,0.0,16.0,28.1,3,21.1
2023-01-02,26.7,15.5,20.5,0.0,16.2,33.5,2,21.23
2023-01-03,26.4,14.9,20.0,0.0,14.1,29.9,3,20.4
2023-01-04,26.3,16.0,20.3,0.0,17.0,31.7,3,21.13
2023-01-05,25.1,15.7,20.0,0.1,20.4,39.2,51,14.5
2023-01-06,26.8,14.9,19.7,0.0,22.9,44.3,3,19.58
2023-01-07,26.5,15.3,20.3,0.0,18.1,36.7,3,17.93
2023-01-08,26.6,15.8,20.2,0.0,15.0,30.6,3,19.95
2023-01-09,26.1,14.4,19.0,0.0,14.4,27.7,3,22.26
2023-01-10,26.6,12.6,18.4,0.0,17.1,34.9,3,22.44
2023-01-11,27.2,11.9,18.6,0.0,14.7,31.3,3,22.47
2023-01-12,28.2,12.7,19.6,0.0,13.5,29.9,3,22.55
2023-01-13,28.4,12.2,19.7,0.0,14.1,25.6,3,22.11
2023-01-14,29.0,13.3,19.9,0.0,13.9,24.1,3,22.49
2023-01-15,28.4,11.9,19.7,0.0,14.2,24.5,3,22.83
2023-01-16,28.9,12.4,20.1,0.0,17.0,28.1,3,22.4
2023-01-17,28.5,14.0,20.0,0.0,16.0,28.1,3,22.54
2023-01-18,27.4,13.5,19.2,0.0,14.8,28.4,3,21.6
2023-01-19,27.1,13.6,19.3,0.0,14.2,29.2,3,22.68
2023-01-20,26.5,13.5,19.4,0.0,16.7,31.3,3,21.78
2023-01-21,26.5,16.6,20.9,0.0,16.6,31.0,3,20.72
2023-01-22,26.7,14.7,20.2,0.0,17.9,36.0,3,21.13
2023-01-23,27.4,14.8,20.4,0.0,16.6,31.3,3,17.68
2023-01-24,27.8,17.8,21.8,0.0,17.6,32.4,3,19.22
2023-01-25,27.8,16.0,20.7,0.0,16.7,30.2,3,22.31
2023-01-26,27.7,15.0,20.4,0.0,16.5,28.4,3,22.5
2023-01-27,28.2,15.2,20.6,0.0,14.4,28.4,3,22.7
2023-01-28,27.8,13.8,20.1,0.0,16.6,34.9,3,23.28
2023-01-29,27.7,13.5,20.4,0.0,22.8,44.6,3,22.88
2023-01-30,27.1,17.0,21.4,2.3,15.0,30.6,55,16.61
2023-01-31,29.0,17.5,22.1,0.0,19.7,39.6,3,21.38
2023-02-01,28.4,15.7,21.6,0.0,20.5,41.0,3,22.43
2023-02-02,29.0,17.2,22.1,0.0,26.0,47.5,3,19.79
2023-02-03,26.5,16.4,21.5,0.0,23.2,44.3,3,14.21
2023-02-04,29.1,17.0,22.5,0.0,20.6,40.0,3,22.1
2023-02-05,30.0,16.5,22.6,0.0,16.4,34.2,3,23.49
2023-02-06,29.3,15.8,22.1,0.0,15.5,32.0,3,22.99
2023-02-07,29.7,15.9,22.5,0.0,10.5,20.5,3,23.29
2023-02-08,30.9,16.9,23.4,0.0,15.9,32.0,3,23.68
2023-02-09,30.2,16.9,23.0,0.0,15.9,34.6,3,23.92
2023-02-10,30.1,16.2,22.6,0.0,18.2,37.8,3,24.15
2023-02-11,30.2,14.8,22.3,0.0,15.6,33.8,3,24.48
2023-02-12,30.9,16.0,22.9,0.0,17.7,37.1,3,24.35
2023-02-13,30.5,16.4,23.0,0.0,21.1,41.4,1,24.59
2023-02-14,30.5,15.6,22.4,0.0,14.0,31.7,0,25.11
2023-02-15,30.6,14.7,22.5,0.0,16.9,35.6,0,25.21
2023-02-16,30.5,15.6,22.7,0.0,19.5,38.9,1,25.16
2023-02-17,30.3,15.4,22.6,0.0,18.1,37.4,0,25.23
2023-02-18,30.2,14.7,22.5,0.0,13.9,31.7,0,24.97
2023-02-19,29.8,15.3,22.5,0.0,13.8,28.1,0,24.75
2023-02-20,29.9,16.4,22.8,0.0,14.5,25.2,0,24.85
2023-02-21,31.0,16.8,23.4,0.0,16.6,32.4,0,25.29
2023-02-22,31.1,16.6,23.5,0.0,15.7,34.6,2,25.46
2023-02-23,30.9,15.1,22.6,0.0,20.3,41.0,0,26.18
2023-02-24,31.4,14.1,22.4,0.0,16.9,35.6,0,26.37
2023-02-25,31.6,15.4,23.5,0.0,21.1,41.4,0,26.04
2023-02-26,30.5,16.4,23.0,0.0,21.3,42.1,0,26.09
2023-02-27,29.8,13.9,21.7,0.0,21.0,41.8,2,26.2
2023-02-28,30.7,14.2,22.1,0.0,22.0,41.8,3,22.89
2023-03-01,30.0,18.1,23.4,0.0,20.4,41.4,3,20.45
2023-03-02,30.0,15.1,22.5,0.0,24.2,47.2,3,25.97
2023-03-03,30.9,14.9,22.8,0.0,26.8,51.1,1,26.17
2023-03-04,30.9,16.1,23.4,0.0,25.9,49.3,0,26.01
2023-03-05,31.3,17.1,23.9,0.0,21.1,42.1,0,25.85
2023-03-06,31.2,16.8,23.8,0.0,23.1,45.4,3,26.11
2023-03-07,30.9,16.0,23.5,0.0,23.4,44.6,3,23.25
2023-03-08,30.8,16.2,23.6,0.0,22.1,43.6,3,25.57
2023-03-09,30.4,16.0,23.2,0.0,20.2,38.2,3,24.19
2023-03-10,30.4,16.4,23.1,0.0,19.8,40.3,3,24.79
2023-03-11,31.3,15.6,23.6,0.0,22.1,43.9,0,26.52
2023-03-12,31.2,15.3,23.4,0.0,19.2,36.7,3,25.62
2023-03-13,31.7,17.5,24.7,0.0,16.6,34.2,3,24.83
2023-03-14,32.7,17.9,25.5,0.0,18.5,34.6,3,24.33
2023-03-15,32.5,18.2,25.4,0.0,17.1,31.7,3,22.53
2023-03-16,30.6,20.0,24.3,1.2,12.6,28.8,51,20.8
2023-03-17,29.4,19.2,22.9,3.9,20.3,35.3,61,21.8
2023-03-18,30.0,18.9,23.1,12.4,16.7,33.8,63,22.67
2023-03-19,30.4,17.6,23.0,6.7,17.3,37.1,63,22.54
2023-03-20,31.4,17.0,23.6,0.0,21.6,42.5,3,24.66
2023-03-21,31.3,18.0,23.9,0.0,11.9,27.4,3,26.67
2023-03-22,31.6,18.1,24.8,0.0,10.8,20.5,3,24.37
2023-03-23,33.6,19.2,25.9,0.0,11.4,26.3,3,24.77
2023-03-24,33.0,19.9,26.2,0.0,14.1,27.0,3,23.84
2023-03-25,30.8,19.6,24.6,1.3,14.4,37.4,51,20.9
2023-03-26,30.9,20.7,25.7,0.4,10.7,23.8,51,22.04
2023-03-27,35.5,20.1,26.9,0.0,18.4,32.4,3,24.12
2023-03-28,34.7,20.4,27.1,0.0,12.9,23.4,3,25.86
2023-03-29,32.3,21.2,25.7,5.7,12.2,29.2,61,21.4
2023-03-30,32.1,20.9,25.6,0.6,18.7,32.0,51,18.98
2023-03-31,31.4,19.7,25.6,0.2,13.7,26.6,51,22.26
2023-04-01,29.7,21.4,25.1,1.5,15.0,31.0,53,18.72
2023-04-02,33.7,20.1,26.3,0.0,12.3,28.4,3,24.27
2023-04-03,32.9,19.7,26.1,0.0,15.6,28.8,2,23.4
2023-04-04,31.1,20.8,24.3,0.6,16.3,34.2,51,17.28
2023-04-05,32.4,19.0,25.9,0.0,14.0,23.4,3,23.62
2023-04-06,31.2,20.6,25.8,0.2,14.4,26.6,51,23.03
2023-04-07,32.1,20.3,25.8,0.0,16.8,33.5,1,26.24
2023-04-08,32.1,19.4,25.5,0.0,19.9,38.9,3,26.75
2023-04-09,32.4,18.2,25.2,0.0,13.6,29.2,2,26.88
2023-04-10,32.9,19.4,26.2,0.0,21.1,37.8,3,26.29
2023-04-11,33.6,18.7,26.3,0.0,14.6,32.8,3,27.49
2023-04-12,34.6,18.5,26.6,0.0,19.2,38.5,0,27.63
2023-04-13,35.1,18.8,27.1,0.0,20.5,41.0,1,27.4
2023-04-14,35.2,20.0,27.4,0.0,21.7,39.6,3,27.06
2023-04-15,34.0,19.6,26.9,0.0,18.8,36.7,3,24.41
2023-04-16,34.2,19.5,26.9,0.0,15.0,33.1,1,27.59
2023-04-17,34.6,19.5,27.2,0.0,17.1,35.6,3,27.39
2023-04-18,34.9,20.5,27.9,0.0,17.0,36.0,1,27.35
2023-04-19,35.5,21.0,28.0,0.0,15.8,33.1,0,27.1
2023-04-20,34.9,20.6,28.1,0.0,10.4,27.0,3,25.66
2023-04-21,33.8,21.3,27.6,0.0,8.8,24.5,3,24.49
2023-04-22,33.3,21.0,27.4,0.0,10.1,20.2,3,23.64
2023-04-23,33.3,21.3,27.1,0.0,13.4,28.4,3,22.72
2023-04-24,33.8,21.5,27.1,0.1,17.6,29.5,51,24.15
2023-04-25,32.1,22.0,26.2,2.1,15.8,31.3,55,21.12
2023-04-26,33.1,21.0,26.2,0.8,14.4,36.4,51,23.93
2023-04-27,33.6,21.0,26.9,0.1,16.4,32.8,51,25.47
2023-04-28,32.7,21.2,26.8,0.3,16.6,36.0,51,24.3
2023-04-29,31.7,20.8,24.9,4.5,18.2,40.7,61,21.23
2023-04-30,31.8,20.2,24.7,17.8,11.4,28.4,65,19.04
2023-05-01,29.5,19.4,23.2,3.8,13.7,29.5,53,20.87
2023-05-02,29.5,20.5,23.8,2.5,10.2,19.4,53,19.49
2023-05-03,26.9,19.7,22.8,5.2,14.6,27.4,61,10.46
2023-05-04,28.6,19.8,24.1,1.0,18.4,32.4,51,20.8
2023-05-05,27.7,19.9,23.5,0.7,11.4,30.6,51,11.49
2023-05-06,29.7,20.4,23.8,8.7,11.5,25.9,61,19.56
2023-05-07,26.1,20.0,23.1,4.1,14.8,29.5,53,9.81
2023-05-08,29.3,21.0,23.7,19.8,9.6,28.4,65,18.71
2023-05-09,31.0,19.1,24.6,9.6,13.1,30.6,63,24.92
2023-05-10,32.0,19.4,25.6,0.0,11.8,25.9,3,25.44
2023-05-11,32.6,20.3,25.3,6.7,12.0,44.3,63,23.2
2023-05-12,31.7,20.9,25.9,0.2,15.1,25.6,51,23.79
2023-05-13,30.8,21.5,25.3,2.1,18.1,35.6,61,22.29
2023-05-14,32.4,20.4,26.1,0.0,19.2,37.8,3,24.58
2023-05-15,32.9,21.1,26.2,0.0,16.7,31.3,3,25.29
2023-05-16,32.9,19.7,26.3,0.0,11.9,27.0,2,25.14
2023-05-17,32.6,21.9,27.4,0.0,11.0,25.2,3,23.89
2023-05-18,34.1,21.5,27.7,0.1,12.3,22.7,51,23.98
2023-05-19,34.2,21.6,27.6,0.0,19.3,32.0,3,24.66
2023-05-20,33.3,21.1,26.6,0.1,14.0,28.4,51,21.83
2023-05-21,31.5,21.7,24.7,7.3,13.1,27.0,63,20.44
2023-05-22,31.5,20.3,24.9,1.6,11.4,26.3,55,22.31
2023-05-23,32.3,19.8,25.5,1.0,11.3,27.0,53,22.35
2023-05-24,31.7,21.0,25.3,6.6,14.5,40.0,63,21.73
2023-05-25,31.3,20.8,25.2,1.4,18.2,35.6,55,23.59
2023-05-26,31.2,20.7,25.1,0.0,15.9,30.2,3,24.02
2023-05-27,31.3,20.4,25.4,0.5,12.9,27.7,51,23.62
2023-05-28,32.3,21.0,26.3,0.0,11.5,26.6,3,23.05
2023-05-29,32.6,21.4,26.6,1.8,13.6,36.0,55,22.06
2023-05-30,30.0,21.4,24.0,36.6,16.5,32.4,63,18.79
2023-05-31,30.6,21.2,24.4,20.3,9.9,23.4,65,21.94
2023-06-01,30.9,20.7,25.0,3.1,10.9,25.2,63,23.39
2023-06-02,30.2,20.8,25.1,0.0,18.3,35.6,3,21.45
2023-06-03,31.5,20.9,25.7,0.4,16.9,29.5,51,24.31
2023-06-04,30.0,21.2,25.0,0.0,18.4,37.1,3,23.28
2023-06-05,30.7,20.9,25.6,0.1,16.7,32.8,51,22.55
2023-06-06,31.2,21.2,26.1,0.3,19.1,36.0,51,24.31
2023-06-07,31.5,21.2,26.0,0.0,16.5,33.1,3,24.3
2023-06-08,31.6,20.5,25.9,0.0,17.3,35.3,3,23.77
2023-06-09,31.3,20.2,24.9,5.5,20.3,40.0,63,22.22
2023-06-10,30.8,20.1,24.6,0.7,25.9,50.0,53,23.25
2023-06-11,30.8,20.5,24.9,0.2,23.1,43.6,51,21.27
2023-06-12,30.4,20.3,24.5,13.0,19.0,38.5,63,19.83
2023-06-13,30.8,20.0,24.5,1.8,19.1,37.4,61,23.86
2023-06-14,30.6,19.9,24.7,1.1,21.0,40.3,53,23.66
2023-06-15,31.6,19.9,25.4,0.0,17.7,34.6,3,24.79
2023-06-16,32.0,20.8,26.0,0.0,19.5,36.0,3,25.34
2023-06-17,31.3,19.9,25.2,0.2,17.8,35.3,51,22.02
2023-06-18,30.8,21.1,24.8,1.0,22.2,41.4,53,16.42
2023-06-19,28.3,20.5,24.0,2.4,18.1,33.1,53,10.76
2023-06-20,26.2,21.4,22.8,18.5,14.8,27.4,65,7.51
2023-06-21,29.3,20.3,23.9,13.6,12.5,33.1,65,16.75
2023-06-22,29.0,20.7,23.6,3.7,17.9,34.6,63,15.58
2023-06-23,28.9,20.3,23.7,0.5,18.6,37.4,51,19.13
2023-06-24,28.1,20.3,23.4,3.6,23.4,44.3,61,15.35
2023-06-25,29.0,19.3,23.4,0.9,19.8,36.4,51,18.09
2023-06-26,28.7,20.2,23.6,0.2,22.0,40.3,51,17.5
2023-06-27,28.7,19.4,23.1,2.3,23.7,43.2,61,18.87
2023-06-28,28.8,19.8,23.7,2.4,23.7,45.0,61,18.54
2023-06-29,28.7,19.5,23.4,9.1,27.0,49.0,63,19.01
2023-06-30,29.8,20.0,24.2,1.7,24.6,45.4,53,21.27
2023-07-01,29.3,19.8,24.5,0.7,19.4,37.8,53,19.18
2023-07-02,28.8,20.5,23.8,4.7,22.0,42.8,61,16.59
2023-07-03,28.9,20.3,23.1,8.3,23.6,49.0,63,17.1
2023-07-04,26.4,19.9,22.0,14.9,26.8,48.2,63,13.75
2023-07-05,26.5,20.0,21.8,12.3,31.5,58.3,63,14.03
2023-07-06,25.1,19.6,21.3,15.3,26.9,53.6,63,9.43
2023-07-07,26.6,19.4,22.3,4.9,28.0,51.1,61,16.73
2023-07-08,26.9,19.9,22.3,1.8,24.7,46.4,53,14.88
2023-07-09,27.9,20.1,22.8,4.6,20.5,38.9,63,14.75
2023-07-10,26.3,19.6,22.6,4.3,18.7,37.4,61,10.63
2023-07-11,26.0,19.9,22.4,0.7,18.4,36.0,51,14.36
2023-07-12,27.9,19.3,22.9,1.7,17.6,34.6,55,18.66
2023-07-13,25.4,19.5,21.9,6.2,21.1,40.7,61,15.41
2023-07-14,27.4,19.8,22.6,2.4,22.7,43.6,55,16.09
2023-07-15,28.0,19.3,23.2,0.6,23.6,44.3,51,19.46
2023-07-16,27.6,19.6,23.3,1.3,18.6,35.6,51,17.39
2023-07-17,27.5,19.5,23.2,2.5,23.2,42.1,55,16.42
2023-07-18,27.9,20.3,23.5,0.8,31.0,56.9,51,22.76
2023-07-19,26.6,20.4,22.8,1.1,32.4,58.3,51,14.34
2023-07-20,27.2,20.3,23.0,1.6,39.3,69.8,53,18.09
2023-07-21,27.5,20.1,23.0,2.3,34.6,60.8,61,14.46
2023-07-22,25.6,20.5,22.3,8.4,31.4,59.4,61,12.46
2023-07-23,26.0,20.3,22.1,9.7,31.4,58.0,61,14.17
2023-07-24,25.6,19.7,21.5,12.7,30.0,56.5,63,12.46
2023-07-25,23.3,19.8,21.1,13.5,25.8,45.7,61,7.69
2023-07-26,23.2,19.3,20.8,19.3,25.6,45.7,63,8.05
2023-07-27,27.1,19.6,22.2,2.3,28.2,55.1,53,17.87
2023-07-28,28.1,18.9,22.8,1.5,29.3,51.8,53,18.4
2023-07-29,27.7,19.5,22.9,1.0,28.2,50.8,51,21.4
2023-07-30,27.9,18.5,23.0,0.7,26.8,49.0,51,21.13
2023-07-31,28.7,19.4,23.4,1.3,23.5,45.0,51,21.42
2023-08-01,28.2,19.7,23.4,0.4,27.2,51.5,51,21.29
2023-08-02,27.9,19.4,23.2,0.0,29.5,52.6,3,19.26
2023-08-03,27.9,19.6,23.4,1.0,28.8,50.4,51,20.8
2023-08-04,28.6,19.1,23.2,1.1,26.7,48.6,51,21.91
2023-08-05,28.6,19.3,23.6,1.2,23.5,41.8,51,21.02
2023-08-06,28.8,19.4,24.0,0.3,17.1,34.6,51,21.83
2023-08-07,29.0,19.5,23.8,0.9,18.5,34.9,51,19.58
2023-08-08,28.8,19.1,23.3,0.6,17.5,34.2,51,20.42
2023-08-09,29.0,19.2,23.8,1.1,15.0,31.7,51,21.15
2023-08-10,28.7,19.8,23.9,0.5,13.7,28.4,51,21.09
2023-08-11,28.3,20.2,24.3,0.6,15.0,30.6,51,20.16
2023-08-12,29.7,20.1,24.6,0.3,18.2,36.7,51,24.07
2023-08-13,29.3,19.6,24.3,0.1,15.8,31.0,51,24.26
2023-08-14,29.1,20.5,24.4,0.4,15.0,31.0,51,23.35
2023-08-15,29.4,19.0,24.1,0.5,14.5,30.2,51,24.66
2023-08-16,30.8,19.1,24.7,0.0,15.5,31.3,3,25.84
2023-08-17,30.6,20.0,24.7,0.6,20.6,41.8,51,24.92
2023-08-18,30.0,19.7,24.3,1.1,23.0,43.9,51,21.09
2023-08-19,28.9,19.9,22.9,7.3,25.2,47.2,63,19.57
2023-08-20,30.0,19.3,24.2,0.8,19.3,38.2,51,23.76
2023-08-21,30.4,19.4,24.6,0.0,15.8,31.3,2,25.28
2023-08-22,30.7,20.3,24.9,0.8,12.1,25.9,51,24.01
2023-08-23,30.5,20.4,25.1,0.0,11.7,27.0,3,24.54
2023-08-24,30.5,20.0,24.8,0.0,13.4,29.2,3,24.57
2023-08-25,30.9,19.7,24.9,0.0,13.9,29.2,3,25.38
2023-08-26,30.9,19.9,24.4,3.8,16.2,31.0,63,23.9
2023-08-27,30.5,20.5,25.0,0.1,11.9,27.7,51,21.3
2023-08-28,31.3,20.4,25.6,0.0,15.2,33.1,3,25.73
2023-08-29,31.0,20.8,25.3,0.7,16.1,35.3,53,23.37
2023-08-30,31.3,19.9,24.8,12.5,15.5,33.8,63,25.18
2023-08-31,28.7,19.8,23.8,8.8,10.4,23.0,61,18.86
2023-09-01,30.2,19.9,24.3,9.2,13.7,25.6,63,23.0
2023-09-02,29.1,20.2,23.4,11.8,19.6,33.8,63,20.76
2023-09-03,28.2,19.9,23.6,0.0,15.8,32.8,3,19.02
2023-09-04,26.8,20.2,22.7,1.2,26.6,48.6,51,16.21
2023-09-05,25.8,19.5,22.1,1.5,20.2,37.8,61,9.16
2023-09-06,28.1,20.3,23.2,1.3,19.9,36.4,51,18.55
2023-09-07,28.7,20.3,23.3,4.7,19.5,39.6,63,18.04
2023-09-08,28.1,20.2,23.3,2.1,23.9,46.8,53,18.76
2023-09-09,29.0,19.7,23.6,1.1,21.7,41.0,51,19.56
2023-09-10,28.6,19.4,23.7,2.0,23.4,41.4,61,19.42
2023-09-11,27.5,19.5,23.3,1.6,20.4,38.9,53,18.06
2023-09-12,28.8,20.0,23.6,2.5,22.5,42.8,53,21.18
2023-09-13,28.9,19.1,23.0,4.1,21.7,38.9,61,21.79
2023-09-14,28.7,19.1,22.9,0.6,19.9,38.9,51,19.21
2023-09-15,28.7,19.7,23.0,3.5,22.3,43.9,55,18.44
2023-09-16,28.5,20.0,23.5,5.8,25.4,48.2,63,17.8
2023-09-17,26.8,19.9,22.4,7.5,18.8,41.0,63,15.47
2023-09-18,28.8,19.4,22.7,4.8,25.8,44.6,61,19.36
2023-09-19,28.7,19.7,23.4,1.0,17.3,33.8,51,23.48
2023-09-20,28.7,19.1,23.3,0.3,17.8,33.5,51,21.41
2023-09-21,27.0,19.6,23.2,0.2,11.7,24.1,51,14.63
2023-09-22,28.6,19.5,23.1,6.2,16.3,44.6,63,22.11
2023-09-23,29.0,19.9,23.6,6.5,12.8,27.4,63,22.58
2023-09-24,27.0,19.9,23.0,7.5,18.4,35.3,63,16.29
2023-09-25,26.9,19.5,22.8,1.1,19.6,35.3,53,18.08
2023-09-26,28.4,19.4,23.3,1.8,14.9,29.5,53,21.71
2023-09-27,27.9,19.7,23.0,11.5,18.4,35.3,63,20.29
2023-09-28,27.1,19.0,21.9,9.4,19.7,37.1,63,16.38
2023-09-29,27.5,19.8,22.4,5.7,24.0,45.4,63,15.83
2023-09-30,28.1,19.4,22.9,2.7,25.7,48.6,55,21.15
2023-10-01,27.5,20.2,23.0,1.1,26.6,49.0,51,14.96
2023-10-02,28.0,19.8,23.5,0.3,23.1,43.2,51,22.14
2023-10-03,28.1,19.1,23.1,0.1,13.6,29.5,51,23.26
2023-10-04,28.1,19.0,23.4,0.4,10.3,24.1,51,22.29
2023-10-05,27.4,19.7,23.5,2.2,13.0,21.6,51,21.96
2023-10-06,29.5,20.1,24.5,1.5,9.7,18.7,51,21.89
2023-10-07,29.2,20.0,24.2,0.8,11.2,20.9,51,22.43
2023-10-08,29.7,20.2,23.8,14.4,12.0,23.4,63,19.88
2023-10-09,27.8,19.2,22.8,19.3,12.2,25.6,63,16.57
2023-10-10,28.6,19.4,23.3,1.9,9.2,24.1,61,19.9
2023-10-11,29.2,19.7,24.0,1.0,10.0,23.8,51,21.86
2023-10-12,29.9,19.8,24.0,0.3,13.7,28.1,51,23.33
2023-10-13,29.3,18.4,23.3,0.0,14.5,29.5,3,24.84
2023-10-14,29.2,18.4,23.7,0.0,12.6,28.4,3,23.84
2023-10-15,30.7,19.2,24.2,0.0,14.4,33.1,3,21.18
2023-10-16,29.9,20.8,24.3,0.4,19.1,36.4,51,21.16
2023-10-17,29.9,20.4,24.5,0.3,15.5,28.4,51,22.5
2023-10-18,30.3,19.1,24.2,0.0,16.7,34.2,3,23.19
2023-10-19,30.7,17.5,24.0,0.0,16.9,34.2,3,23.85
2023-10-20,31.0,18.8,24.6,0.0,17.4,35.6,3,23.79
2023-10-21,31.4,19.8,25.0,0.0,20.0,38.9,3,22.83
2023-10-22,31.6,19.0,24.9,0.0,13.8,29.5,3,22.31
2023-10-23,30.3,18.3,23.9,0.0,13.7,30.2,3,24.17
2023-10-24,29.8,16.9,23.4,0.0,11.5,24.5,3,24.52
2023-10-25,29.9,17.1,23.4,0.0,14.5,25.2,3,24.12
2023-10-26,30.0,16.5,23.7,0.0,13.8,25.9,3,23.83
2023-10-27,30.7,18.5,24.3,0.0,15.4,32.0,3,22.29
2023-10-28,30.8,20.2,25.0,0.0,15.9,31.3,3,21.33
2023-10-29,29.4,20.2,23.4,6.1,17.0,36.7,61,20.21
2023-10-30,28.7,19.4,23.2,4.1,18.5,40.0,61,18.3
2023-10-31,28.7,19.5,22.8,1.4,16.9,32.8,53,17.0
2023-11-01,29.3,18.8,23.5,1.3,13.7,28.8,53,18.14
2023-11-02,29.5,18.3,23.2,0.6,17.8,36.7,51,18.11
2023-11-03,29.9,20.6,23.6,2.0,17.8,37.4,55,20.48
2023-11-04,28.0,19.6,22.6,4.8,19.0,34.9,61,15.36
2023-11-05,27.8,19.3,22.2,22.6,13.1,26.3,63,14.32
2023-11-06,27.7,18.9,22.4,26.6,9.4,30.2,65,18.58
2023-11-07,27.0,18.8,22.0,9.2,16.3,28.4,63,14.79
2023-11-08,27.4,20.0,22.4,13.2,13.6,26.6,65,18.37
2023-11-09,27.1,19.6,22.2,6.4,17.3,37.4,63,16.2
2023-11-10,27.2,19.5,22.8,0.9,18.4,33.8,51,17.97
2023-11-11,28.0,16.8,21.9,0.0,18.5,35.6,3,22.43
2023-11-12,27.6,15.8,21.3,0.0,21.3,40.7,3,22.06
2023-11-13,27.1,15.9,21.4,0.0,21.4,40.3,3,22.02
2023-11-14,24.1,17.9,20.7,0.7,19.1,35.3,51,8.94
2023-11-15,27.4,18.2,22.0,1.0,15.6,31.3,53,16.62
2023-11-16,28.7,18.3,23.2,0.0,15.0,30.6,3,17.91
2023-11-17,29.7,18.9,23.4,0.0,15.7,32.8,3,19.09
2023-11-18,29.4,18.9,23.6,0.0,16.2,32.4,3,21.71
2023-11-19,29.2,17.2,22.7,0.0,19.4,37.8,3,19.87
2023-11-20,28.7,17.3,22.2,0.1,18.9,37.8,51,17.71
2023-11-21,28.4,18.9,22.7,3.5,19.7,37.4,55,17.54
2023-11-22,28.2,19.8,22.9,1.7,14.0,34.6,53,14.8
2023-11-23,27.1,19.6,22.1,5.4,16.7,34.2,63,14.46
2023-11-24,27.1,19.4,22.2,3.7,18.5,34.9,63,15.8
2023-11-25,27.4,19.4,22.4,1.5,22.0,41.4,53,17.26
2023-11-26,26.7,18.7,22.0,0.6,23.8,44.3,51,16.4
2023-11-27,26.4,19.4,22.3,1.9,19.3,36.7,53,15.8
2023-11-28,27.6,19.3,22.6,0.7,16.3,31.7,51,17.54
2023-11-29,28.2,19.7,22.5,0.5,19.8,38.2,51,16.8
2023-11-30,27.8,18.4,22.3,0.2,19.9,37.1,51,17.49
2023-12-01,28.0,19.2,22.1,2.9,17.1,32.8,55,16.02
2023-12-02,28.2,17.3,21.9,1.2,21.6,39.6,55,17.42
2023-12-03,26.4,19.6,22.0,2.8,25.6,47.5,61,12.9
2023-12-04,24.0,19.7,21.5,0.0,27.0,48.2,3,6.43
2023-12-05,28.5,18.4,22.7,0.0,18.4,34.9,3,15.72
2023-12-06,28.4,17.0,22.5,0.0,9.4,22.3,3,20.68
2023-12-07,28.8,18.4,23.2,0.1,13.9,24.1,51,17.77
2023-12-08,28.3,19.7,22.9,1.9,14.0,28.4,53,14.61
2023-12-09,27.1,19.9,22.7,1.9,14.4,28.1,51,15.79
2023-12-10,28.2,18.9,22.9,0.0,14.6,30.6,3,16.03
2023-12-11,27.7,18.2,22.6,0.2,14.9,29.9,51,16.07
2023-12-12,28.1,18.4,22.2,0.0,15.2,27.7,3,19.59
2023-12-13,26.5,16.3,20.7,0.0,16.0,33.5,3,20.78
2023-12-14,26.2,16.7,21.1,0.0,18.3,34.9,3,19.3
2023-12-15,28.3,16.4,21.6,0.0,16.3,29.9,3,17.74
2023-12-16,28.6,18.7,22.5,0.7,19.5,39.2,51,16.62
2023-12-17,26.5,18.2,21.5,0.2,21.5,40.3,51,11.76
2023-12-18,26.5,18.4,21.4,0.0,21.6,39.6,3,16.21
2023-12-19,26.9,17.8,21.2,0.0,17.9,36.0,3,18.08
2023-12-20,26.9,17.0,21.1,0.0,17.9,33.5,3,15.57
2023-12-21,28.5,16.9,21.7,0.0,14.8,29.2,3,19.85
2023-12-22,28.4,17.7,22.2,0.0,14.0,27.4,3,20.45
2023-12-23,28.3,16.2,20.9,0.0,13.8,27.4,3,20.82
2023-12-24,28.8,14.0,20.8,0.0,17.9,31.7,3,20.23
2023-12-25,28.5,17.4,21.9,0.0,20.5,39.2,3,19.44
2023-12-26,27.9,14.4,20.7,0.0,19.1,37.4,3,21.72
2023-12-27,28.1,14.9,20.5,0.0,19.9,39.2,3,21.53
2023-12-28,27.9,15.4,21.0,0.0,18.9,37.1,3,19.94
2023-12-29,27.8,16.6,21.4,0.0,20.2,39.2,3,19.12
2023-12-30,27.8,17.3,21.5,0.0,15.6,31.3,3,20.74
2023-12-31,27.9,16.7,21.1,0.0,16.4,31.7,3,20.97
2024-01-01,28.4,16.6,21.7,0.0,19.1,32.4,3,20.84
2024-01-02,27.5,18.1,21.9,0.0,18.8,32.0,3,17.92
2024-01-03,27.3,16.4,21.5,0.0,16.9,29.2,3,18.0
2024-01-04,25.4,18.1,21.3,2.7,17.7,32.0,61,9.77
2024-01-05,26.9,18.6,22.4,0.2,16.2,27.7,51,16.81
2024-01-06,28.7,19.2,22.8,1.2,17.3,31.7,51,19.0
2024-01-07,27.8,17.0,22.0,0.0,18.1,36.0,3,19.63
2024-01-08,23.5,18.4,20.3,2.4,21.2,37.8,53,5.48
2024-01-09,26.5,18.8,21.6,1.0,25.3,45.0,51,16.83
2024-01-10,24.9,17.1,20.8,0.0,19.1,36.7,3,11.4
2024-01-11,27.8,17.0,21.4,0.0,17.7,34.9,3,20.47
2024-01-12,27.3,15.5,20.8,0.0,23.4,44.3,3,21.33
2024-01-13,28.4,15.8,21.2,0.0,15.2,32.4,3,19.48
2024-01-14,28.4,16.8,21.7,0.0,16.5,34.2,3,21.26
2024-01-15,28.1,15.5,21.4,0.0,14.0,28.1,3,21.85
2024-01-16,28.2,15.6,21.5,0.0,15.5,25.9,3,21.91
2024-01-17,28.3,15.8,21.7,0.0,16.5,27.4,3,21.94
2024-01-18,28.9,16.6,22.2,0.0,14.4,25.2,3,21.39
2024-01-19,29.4,17.4,22.8,0.0,18.7,32.0,3,21.11
2024-01-20,29.1,16.5,22.4,0.0,18.1,33.1,3,20.24
2024-01-21,29.2,17.0,22.8,0.0,15.3,29.2,3,22.03
2024-01-22,29.2,17.0,23.0,0.0,18.3,30.6,3,21.97
2024-01-23,29.1,16.9,22.7,0.0,16.6,28.1,3,22.19
2024-01-24,29.7,17.3,22.9,0.0,15.4,27.7,3,21.04
2024-01-25,28.5,17.6,23.1,0.0,17.5,29.2,3,17.84
2024-01-26,28.2,16.8,21.9,0.0,19.1,37.8,3,22.8
2024-01-27,28.3,16.1,21.6,0.0,18.4,37.4,3,22.68
2024-01-28,28.4,15.9,21.6,0.0,15.7,33.1,3,21.5
2024-01-29,28.2,16.6,21.6,0.0,16.8,29.5,3,23.01
2024-01-30,29.2,15.1,21.7,0.0,15.1,25.2,3,22.86
2024-01-31,29.5,16.8,22.8,0.0,16.2,27.7,3,22.75
2024-02-01,30.0,18.3,23.4,0.0,14.9,24.1,3,22.83
2024-02-02,30.5,18.9,23.8,0.0,13.9,25.6,3,21.78
2024-02-03,30.4,19.3,24.3,0.0,19.5,32.8,3,19.82
2024-02-04,29.6,17.9,23.2,0.0,18.8,35.3,3,23.06
2024-02-05,30.6,16.6,23.1,0.0,15.4,31.3,2,23.57
2024-02-06,32.1,15.7,23.6,0.0,18.6,37.8,0,23.75
2024-02-07,32.5,16.7,24.3,0.0,18.6,37.4,0,23.94
2024-02-08,32.9,17.0,24.8,0.0,17.7,36.7,3,24.04
2024-02-09,32.2,17.0,24.5,0.0,17.5,33.5,3,23.91
2024-02-10,30.8,17.0,23.4,0.0,19.5,37.8,3,23.88
2024-02-11,30.4,17.3,23.1,0.0,18.6,38.2,3,23.94
2024-02-12,30.8,15.8,22.7,0.0,18.4,37.8,3,24.54
2024-02-13,30.6,16.4,23.1,0.0,17.3,33.1,3,24.19
2024-02-14,30.7,17.9,23.8,0.0,18.2,34.2,3,23.26
2024-02-15,30.7,16.9,23.5,0.0,18.4,37.4,3,24.45
2024-02-16,29.8,16.6,22.9,0.0,20.7,40.3,3,24.19
2024-02-17,31.3,17.0,24.0,0.0,19.3,33.1,2,24.69
2024-02-18,32.1,17.5,24.7,0.0,20.0,33.5,3,24.61
2024-02-19,31.0,17.2,24.3,0.0,19.0,34.9,3,23.97
2024-02-20,31.6,18.8,25.3,0.0,18.6,32.4,3,24.56
2024-02-21,32.0,19.7,25.6,0.0,13.1,27.7,2,23.22
2024-02-22,32.4,19.3,25.7,0.0,9.9,24.8,3,24.33
2024-02-23,32.7,18.4,25.5,0.0,12.6,23.8,3,25.01
2024-02-24,31.7,19.4,25.8,0.0,16.1,27.4,3,20.39
2024-02-25,32.1,20.1,25.5,0.0,21.4,36.4,3,24.04
2024-02-26,31.2,17.8,23.9,0.0,22.1,42.8,3,24.31
2024-02-27,31.1,17.9,24.1,0.0,19.3,35.3,3,24.64
2024-02-28,32.6,17.2,24.7,0.0,18.1,35.3,3,25.84
2024-02-29,32.2,16.3,24.4,0.0,19.9,40.0,3,26.0
2024-03-01,32.3,16.7,24.5,0.0,18.9,38.9,3,25.59
2024-03-02,32.5,17.5,25.0,0.0,18.9,38.9,3,25.21
2024-03-03,32.7,18.3,25.4,0.0,17.1,29.9,3,25.37
2024-03-04,34.4,18.9,26.6,0.0,17.4,28.8,3,25.5
2024-03-05,34.2,18.8,26.7,0.0,20.8,36.0,3,25.7
2024-03-06,34.5,19.9,27.1,0.0,20.0,33.5,3,23.89
2024-03-07,34.4,19.9,27.2,0.0,15.5,26.3,3,25.53
2024-03-08,33.5,20.8,26.9,0.0,14.8,28.8,3,21.92
2024-03-09,33.4,20.4,27.6,0.0,17.8,35.3,3,19.87
2024-03-10,33.2,22.2,27.5,0.0,22.5,38.5,3,18.07
2024-03-11,33.8,20.7,27.3,0.0,19.6,35.6,3,21.81
2024-03-12,34.1,20.2,27.2,0.0,16.8,29.5,3,25.51
2024-03-13,34.5,21.7,27.9,0.0,16.8,31.7,3,21.82
2024-03-14,34.1,21.7,27.8,0.0,15.8,31.0,3,24.51
2024-03-15,34.7,21.8,28.6,0.0,19.6,33.1,3,20.88
2024-03-16,35.5,22.6,28.3,0.0,17.8,34.6,3,25.08
2024-03-17,34.5,20.5,27.3,0.0,19.4,34.2,2,24.45
2024-03-18,34.8,20.0,27.2,0.0,15.6,31.7,3,24.29
2024-03-19,34.4,20.7,27.3,0.0,20.3,36.4,3,24.24
2024-03-20,35.2,20.1,27.3,0.0,18.8,33.1,3,25.43
2024-03-21,32.6,20.0,25.8,0.0,19.6,33.1,3,22.28
2024-03-22,34.1,19.9,26.7,0.0,18.8,33.1,2,25.11
2024-03-23,34.5,19.4,27.2,0.0,18.8,34.2,2,26.42
2024-03-24,35.0,19.6,27.5,0.0,17.2,36.0,3,26.77
2024-03-25,35.5,19.2,27.5,0.0,20.0,38.2,1,25.68
2024-03-26,35.4,19.9,27.5,0.0,19.9,40.0,2,26.78
2024-03-27,34.9,18.8,26.9,0.0,19.5,40.3,1,27.17
2024-03-28,35.2,19.8,27.6,0.0,16.3,34.9,3,26.76
2024-03-29,35.9,21.3,28.4,0.0,18.8,39.6,3,26.26
2024-03-30,35.7,20.7,28.2,0.0,20.2,39.2,3,27.02
2024-03-31,35.4,20.1,27.5,0.0,15.2,32.4,3,26.93
2024-04-01,36.0,20.4,28.0,0.0,13.5,24.8,2,26.63
2024-04-02,36.8,22.6,29.2,0.0,17.9,31.0,3,26.4
2024-04-03,36.6,21.7,28.9,0.0,18.1,34.9,1,27.0
2024-04-04,36.4,22.0,29.0,0.0,14.7,33.8,3,27.35
2024-04-05,37.5,22.2,29.4,0.0,20.0,39.2,3,26.91
2024-04-06,37.4,21.4,29.7,0.0,20.5,42.1,3,26.99
2024-04-07,37.0,22.3,29.5,0.0,17.9,36.0,3,27.18
2024-04-08,37.0,21.6,29.3,0.0,20.3,36.7,3,27.33
2024-04-09,35.3,21.4,28.3,0.0,18.2,34.6,3,27.23
2024-04-10,35.5,20.7,28.2,0.0,18.1,34.9,3,27.34
2024-04-11,35.7,20.5,28.4,0.0,22.3,38.9,3,27.01
2024-04-12,34.7,21.8,27.6,0.1,21.4,37.8,51,22.81
2024-04-13,34.9,21.3,27.8,0.0,27.1,46.4,3,25.05
2024-04-14,35.3,20.7,28.0,0.0,19.1,38.5,3,26.87
2024-04-15,35.9,20.7,28.3,0.0,20.6,39.2,3,27.2
2024-04-16,36.2,19.9,28.5,0.0,18.6,36.4,3,27.04
2024-04-17,37.5,22.6,29.6,0.0,16.0,31.3,3,25.61
2024-04-18,37.7,22.8,30.4,0.0,17.1,32.4,3,24.35
2024-04-19,38.0,24.0,30.9,0.0,16.3,34.6,3,25.37
2024-04-20,37.2,23.8,30.3,0.0,16.6,34.2,3,22.95
2024-04-21,37.1,22.8,30.2,0.0,16.8,35.3,3,25.37
2024-04-22,37.7,23.0,30.2,0.0,20.2,37.8,3,26.18
2024-04-23,37.2,22.1,29.8,0.0,18.9,38.9,3,27.29
2024-04-24,36.8,21.9,29.7,0.0,19.0,40.0,3,27.27
2024-04-25,37.5,22.6,30.3,0.0,25.3,43.9,3,25.36
2024-04-26,37.2,22.6,30.1,0.0,22.4,39.6,3,26.69
2024-04-27,37.7,21.4,29.9,0.0,18.9,38.2,1,27.39
2024-04-28,38.6,22.3,30.4,0.0,18.4,37.4,3,27.17
2024-04-29,37.9,23.9,30.4,0.0,16.9,36.4,3,26.74
2024-04-30,38.5,23.7,30.8,0.0,15.9,34.6,3,26.66
2024-05-01,39.4,23.2,31.5,0.0,14.3,29.2,3,25.42
2024-05-02,37.8,24.6,31.0,0.6,18.1,35.3,53,23.86
2024-05-03,37.5,24.6,29.6,0.2,19.4,38.2,51,20.86
2024-05-04,37.8,23.1,29.3,0.1,18.2,42.5,51,21.82
2024-05-05,37.6,23.2,30.0,0.0,17.4,33.5,3,22.64
2024-05-06,39.3,23.2,30.3,0.0,15.9,32.8,3,22.95
2024-05-07,35.9,23.6,29.1,0.1,13.6,30.6,51,22.77
2024-05-08,33.9,21.5,27.6,6.2,18.2,37.8,63,21.38
2024-05-09,32.7,22.5,27.2,4.5,16.3,31.0,61,21.18
2024-05-10,32.9,22.4,26.6,6.0,17.0,34.6,63,22.2
2024-05-11,34.0,21.6,27.4,0.0,16.7,33.1,3,24.03
2024-05-12,31.8,21.9,26.2,5.8,18.1,36.4,63,21.73
2024-05-13,32.6,20.8,26.0,4.9,15.5,29.9,63,24.43
2024-05-14,29.2,21.5,24.9,16.2,10.0,25.9,65,15.53
2024-05-15,32.2,21.1,26.1,1.0,18.7,32.8,53,24.75
2024-05-16,27.1,21.2,24.4,2.8,12.8,22.0,61,11.83
2024-05-17,29.3,20.9,24.1,15.0,14.3,33.1,65,16.33
2024-05-18,29.2,21.1,24.0,19.5,17.8,33.5,65,15.94
2024-05-19,29.2,21.4,24.3,9.1,6.5,21.6,63,16.52
2024-05-20,27.5,21.1,23.8,25.2,17.9,35.6,65,13.86
2024-05-21,29.7,21.3,24.2,10.5,17.7,36.0,63,17.42
2024-05-22,29.8,21.2,24.8,12.9,19.3,40.7,63,18.55
2024-05-23,31.5,20.4,25.7,0.7,15.7,29.2,53,22.06
2024-05-24,29.8,21.7,24.7,3.5,16.0,34.9,55,13.34
2024-05-25,29.6,22.0,25.1,0.5,21.9,41.0,51,15.59
2024-05-26,29.1,21.6,24.7,2.4,27.2,49.7,61,19.74
2024-05-27,30.5,20.6,25.4,0.0,23.8,44.3,3,23.94
2024-05-28,32.2,21.3,25.7,0.0,21.7,41.4,3,25.09
2024-05-29,32.1,20.4,26.2,0.2,22.3,39.2,51,24.48
2024-05-30,32.1,21.4,26.0,2.4,17.1,37.1,61,23.46
2024-05-31,32.1,21.6,26.5,1.2,17.7,34.6,53,20.35
2024-06-01,32.2,22.3,25.5,28.0,16.0,33.1,65,20.48
2024-06-02,30.9,22.4,25.4,10.3,11.8,32.0,63,22.32
2024-06-03,28.4,22.0,24.7,0.6,13.0,27.4,51,17.19
2024-06-04,29.4,21.3,24.5,7.1,13.4,27.4,61,18.5
2024-06-05,27.6,20.9,23.8,20.8,11.0,27.4,65,15.44
2024-06-06,28.1,21.4,23.6,8.4,20.7,36.7,61,12.36
2024-06-07,27.1,21.3,23.3,7.2,21.9,42.5,63,17.32
2024-06-08,28.8,20.6,23.7,1.9,22.7,46.8,53,21.21
2024-06-09,27.1,20.5,23.5,3.3,28.3,54.0,61,17.86
2024-06-10,27.5,20.6,23.7,2.2,28.4,53.6,53,19.93
2024-06-11,28.8,21.1,23.6,0.6,26.8,51.1,51,17.22
2024-06-12,27.7,20.6,22.9,6.9,24.2,46.1,63,15.29
2024-06-13,28.6,20.0,23.1,3.1,23.5,45.4,61,19.09
2024-06-14,28.6,20.2,23.8,0.0,21.1,40.3,3,18.93
2024-06-15,29.8,19.4,24.1,0.0,17.7,34.2,3,24.09
2024-06-16,29.2,19.6,23.9,1.0,20.6,39.6,51,21.91
2024-06-17,29.8,20.3,24.1,0.6,17.2,33.8,53,21.49
2024-06-18,29.2,20.3,23.7,4.4,22.2,43.6,61,20.08
2024-06-19,29.1,20.1,23.4,5.4,19.4,39.6,63,16.31
2024-06-20,28.2,20.4,23.4,0.6,22.4,44.6,51,15.96
2024-06-21,28.8,19.7,23.1,3.3,23.0,45.4,63,17.94
2024-06-22,27.9,20.1,23.6,1.9,20.7,38.5,53,18.03
2024-06-23,28.3,20.2,23.8,1.6,22.9,44.3,51,19.37
2024-06-24,29.7,20.4,23.7,4.1,24.8,48.6,55,19.21
2024-06-25,27.3,20.7,23.5,1.6,30.0,53.3,51,13.87
2024-06-26,27.9,20.7,23.3,2.2,31.7,57.6,53,16.76
2024-06-27,25.6,21.0,22.5,6.1,32.9,58.0,55,7.67
2024-06-28,29.1,20.0,23.8,0.8,25.8,47.5,51,19.0
2024-06-29,29.7,19.8,23.8,1.0,21.4,38.9,51,17.79
2024-06-30,28.3,20.2,23.4,1.4,19.8,38.9,53,14.21
2024-07-01,27.6,20.4,22.9,9.0,22.3,47.9,63,15.11
2024-07-02,29.4,20.1,24.0,0.1,26.7,48.6,51,14.79
2024-07-03,29.3,19.9,23.2,10.4,22.2,44.3,63,18.41
2024-07-04,26.8,20.0,22.4,3.8,19.7,42.5,61,9.6
2024-07-05,29.7,20.1,23.2,6.9,20.7,41.8,61,17.01
2024-07-06,26.5,19.9,22.6,5.9,27.3,50.4,63,11.42
2024-07-07,28.6,20.0,23.3,1.0,26.9,48.6,53,16.47
2024-07-08,27.8,20.4,23.1,5.6,22.2,41.0,61,15.74
2024-07-09,28.7,19.7,23.3,2.9,23.8,49.7,61,18.61
2024-07-10,29.3,19.4,23.3,1.5,20.6,38.9,51,21.32
2024-07-11,26.9,20.2,23.1,3.7,19.1,36.7,55,13.17
2024-07-12,29.1,19.7,22.8,17.4,23.0,44.6,63,19.61
2024-07-13,25.8,20.4,22.6,1.2,27.2,48.2,51,9.72
2024-07-14,26.5,20.5,22.4,1.5,27.8,50.0,51,8.81
2024-07-15,26.3,20.2,21.7,16.8,27.2,59.8,63,10.44
2024-07-16,24.3,20.3,21.8,16.2,29.7,58.3,61,11.65
2024-07-17,25.7,19.9,22.0,5.2,30.4,56.2,55,9.33
2024-07-18,25.9,20.4,22.1,9.3,33.3,64.4,61,9.89
2024-07-19,22.3,20.1,21.1,14.5,27.5,49.0,61,8.01
2024-07-20,25.1,19.7,22.0,2.8,32.1,56.9,53,9.2
2024-07-21,27.2,20.4,22.8,1.1,33.0,59.8,51,14.84
2024-07-22,27.6,20.5,23.0,1.4,32.8,57.6,51,17.4
2024-07-23,27.2,20.8,23.2,2.2,29.9,54.0,53,16.25
2024-07-24,27.1,20.5,23.2,1.5,30.5,54.0,51,16.74
2024-07-25,26.8,20.5,22.8,2.3,36.1,62.6,53,18.3
2024-07-26,26.8,20.9,23.1,2.2,35.1,61.9,53,16.39
2024-07-27,27.4,20.8,23.2,0.6,34.7,62.6,51,17.38
2024-07-28,27.2,20.3,22.8,0.2,34.2,64.4,51,17.23
2024-07-29,28.3,20.6,23.3,3.7,30.1,56.9,55,18.7
2024-07-30,22.8,20.2,21.2,11.7,24.7,43.9,61,6.92
2024-07-31,26.3,20.0,22.0,10.6,21.8,41.8,63,14.2
2024-08-01,27.8,20.2,22.4,3.4,26.3,47.2,53,17.82
2024-08-02,26.7,20.2,22.6,4.3,25.9,50.0,53,14.93
2024-08-03,27.4,19.4,22.2,7.6,25.6,45.7,63,16.26
2024-08-04,28.1,19.7,23.2,2.0,21.7,41.8,53,22.45
2024-08-05,27.7,19.1,22.7,1.2,15.6,30.2,55,17.09
2024-08-06,25.3,20.0,22.2,8.6,15.3,29.2,61,12.82
2024-08-07,24.9,20.2,21.9,5.2,17.2,34.6,53,11.85
2024-08-08,27.1,19.5,22.3,16.1,17.4,33.1,63,17.68
2024-08-09,27.9,19.7,23.0,12.4,18.2,35.6,63,18.6
2024-08-10,26.5,20.3,22.8,19.2,16.6,31.7,63,14.81
2024-08-11,27.8,20.2,23.5,3.0,14.8,29.5,53,19.7
2024-08-12,28.8,20.2,24.0,2.4,13.7,27.4,53,21.86
2024-08-13,28.6,20.2,23.8,12.7,11.5,24.1,63,21.4
2024-08-14,28.5,20.3,24.4,1.5,11.2,22.3,51,22.73
2024-08-15,28.7,21.7,24.6,2.0,11.1,21.6,55,22.82
2024-08-16,28.6,20.4,23.8,13.3,11.6,22.7,63,18.18
2024-08-17,28.8,19.5,23.9,3.7,11.1,23.8,55,20.78
2024-08-18,29.0,19.1,24.0,0.1,7.6,17.6,51,21.86
2024-08-19,27.9,20.7,23.5,17.4,8.4,22.3,63,18.92
2024-08-20,28.7,19.9,23.4,19.7,15.1,25.9,65,21.02
2024-08-21,27.4,20.6,23.2,1.2,20.8,44.3,51,19.82
2024-08-22,27.4,19.6,23.1,0.4,26.7,47.2,51,18.96
2024-08-23,27.3,19.0,23.1,0.1,22.2,40.7,51,18.49
2024-08-24,27.3,19.6,22.7,3.8,26.1,48.6,61,18.26
2024-08-25,27.1,19.8,22.6,0.9,28.1,50.4,51,17.59
2024-08-26,28.1,19.4,22.9,1.2,27.7,50.8,51,19.28
2024-08-27,26.7,19.7,22.7,1.7,23.0,42.5,53,13.71
2024-08-28,26.6,19.6,22.3,1.4,23.4,41.8,53,11.7
2024-08-29,27.1,19.3,21.8,9.4,23.4,43.2,63,15.39
2024-08-30,25.8,19.7,21.8,3.9,20.9,41.4,53,13.22
2024-08-31,23.8,19.6,21.5,4.6,22.4,40.7,53,8.8
2024-09-01,26.9,20.1,22.3,5.3,26.6,52.9,61,13.93
2024-09-02,27.4,20.4,22.8,4.1,20.5,42.8,55,19.73
2024-09-03,27.7,19.9,23.1,1.4,23.8,43.2,51,18.72
2024-09-04,27.8,19.7,23.1,0.5,25.2,51.1,51,18.6
2024-09-05,27.7,19.8,23.2,0.5,22.1,43.2,51,18.04
2024-09-06,27.1,19.8,22.8,1.6,21.3,41.0,51,15.39
2024-09-07,27.6,19.6,22.4,11.9,21.7,41.0,63,15.59
2024-09-08,25.7,20.2,22.2,2.6,23.4,42.5,53,10.99
2024-09-09,28.4,20.2,22.8,6.0,25.7,47.5,63,15.49
2024-09-10,28.4,19.8,23.3,1.9,29.9,52.6,51,21.25
2024-09-11,28.7,19.5,23.3,0.7,22.9,45.0,51,20.42
2024-09-12,29.1,19.4,23.3,0.7,22.1,41.4,51,20.29
2024-09-13,28.4,18.5,23.1,0.0,20.8,38.5,3,20.62
2024-09-14,28.4,18.7,23.1,0.9,20.9,39.2,51,22.13
2024-09-15,28.4,18.4,23.3,0.6,18.6,37.1,51,22.96
2024-09-16,28.4,17.5,22.8,0.7,22.6,42.8,51,22.91
2024-09-17,28.2,18.6,23.0,0.4,20.4,42.5,51,22.01
2024-09-18,28.4,17.9,23.0,0.0,16.8,34.6,3,26.67
2024-09-19,28.8,17.4,22.9,0.6,18.4,29.9,51,24.54
2024-09-20,28.8,19.6,23.8,0.1,13.3,29.9,51,23.68
2024-09-21,29.2,19.1,24.0,0.1,18.6,38.2,51,21.61
2024-09-22,29.0,19.5,24.0,1.4,19.3,37.8,55,19.45
2024-09-23,29.3,20.0,23.5,5.3,20.0,37.1,63,18.12
2024-09-24,28.5,20.5,23.0,4.4,23.5,45.4,61,14.81
2024-09-25,28.7,20.3,23.3,2.5,23.4,42.8,55,17.13
2024-09-26,28.8,19.5,23.6,0.6,19.5,36.0,51,17.82
2024-09-27,28.7,19.4,23.3,1.5,16.8,31.7,53,19.09
2024-09-28,28.5,19.6,23.2,3.0,15.4,25.9,53,19.98
2024-09-29,28.5,20.3,24.0,5.5,12.1,24.8,61,20.4
2024-09-30,30.1,20.4,24.5,0.1,13.6,25.6,51,23.16
2024-10-01,30.6,19.7,24.8,0.4,10.6,24.5,51,22.67
2024-10-02,29.8,20.3,24.1,9.8,14.6,29.9,63,22.17
2024-10-03,28.3,19.9,23.3,4.2,15.5,32.0,63,19.48
2024-10-04,28.5,19.8,23.5,7.2,12.3,27.7,63,19.36
2024-10-05,26.8,20.0,22.4,11.3,14.3,28.4,61,12.77
2024-10-06,27.3,19.6,23.2,0.5,11.4,24.8,51,15.96
2024-10-07,28.9,19.1,23.0,0.9,23.5,43.2,53,21.4
2024-10-08,27.8,19.9,23.2,10.7,13.4,24.1,63,15.39
2024-10-09,28.0,20.2,23.2,5.2,14.4,29.9,63,21.66
2024-10-10,27.5,19.8,22.8,6.5,17.5,32.8,63,19.2
2024-10-11,27.8,19.8,22.8,4.9,17.3,31.3,61,18.95
2024-10-12,28.1,20.3,23.2,7.2,15.3,34.2,63,17.47
2024-10-13,27.8,20.3,23.2,1.8,19.7,37.1,51,18.13
2024-10-14,23.4,19.3,21.0,14.4,13.7,28.4,63,5.38
2024-10-15,23.1,19.8,21.2,31.5,15.9,31.7,63,7.49
2024-10-16,22.9,19.2,20.7,13.3,11.6,27.0,63,7.72
2024-10-17,27.0,19.8,22.8,0.8,14.7,30.6,51,18.46
2024-10-18,27.6,19.5,22.2,8.4,18.5,33.1,65,15.65
2024-10-19,24.7,18.9,21.4,8.5,10.1,18.7,61,12.0
2024-10-20,26.3,19.3,21.7,21.1,11.7,25.2,63,12.85
2024-10-21,26.8,19.6,22.2,17.8,10.2,25.6,63,15.6
2024-10-22,27.5,18.3,21.9,27.3,11.9,28.8,65,18.8
2024-10-23,27.5,19.2,22.4,20.1,10.4,21.2,65,20.57
2024-10-24,26.2,19.0,21.9,1.1,6.2,18.0,51,15.49
2024-10-25,27.0,17.3,21.9,0.0,8.7,19.1,3,20.99
2024-10-26,26.6,17.0,21.6,0.0,13.2,27.4,3,22.04
2024-10-27,26.7,15.5,21.1,0.0,11.0,22.3,2,20.97
2024-10-28,27.1,16.5,21.9,0.0,9.0,18.7,3,22.15
2024-10-29,27.6,17.5,22.5,0.4,9.7,19.8,51,21.14
2024-10-30,27.3,17.8,22.3,1.1,7.5,15.8,51,20.21
2024-10-31,27.8,18.3,22.5,4.0,10.0,16.9,63,18.03
2024-11-01,26.8,19.7,22.2,8.2,9.6,19.8,63,17.18
2024-11-02,27.6,18.8,22.1,1.2,19.9,37.1,51,19.45
2024-11-03,27.7,19.5,22.3,0.7,17.6,34.2,51,18.34
2024-11-04,27.0,19.5,22.3,1.0,14.8,31.0,51,19.05
2024-11-05,27.0,17.1,21.9,0.0,13.6,28.8,3,19.74
2024-11-06,27.7,16.3,22.2,0.1,16.5,29.9,51,20.19
2024-11-07,27.4,19.0,22.5,1.3,19.9,40.3,51,17.47
2024-11-08,28.9,18.2,22.8,0.0,17.2,34.9,3,22.18
2024-11-09,27.7,18.0,22.2,0.0,17.2,33.8,3,20.92
2024-11-10,26.9,17.4,21.9,0.4,16.4,33.5,51,20.43
2024-11-11,27.8,17.2,22.2,0.0,16.9,34.6,3,21.95
2024-11-12,27.0,18.9,22.2,0.9,18.4,36.4,51,11.94
2024-11-13,26.9,19.8,22.3,9.9,17.4,42.1,63,13.4
2024-11-14,25.7,19.8,21.9,6.0,16.2,41.8,63,13.36
2024-11-15,26.9,19.9,22.0,10.0,15.4,37.4,63,14.72
2024-11-16,26.3,19.6,22.0,3.4,17.2,43.9,55,16.64
2024-11-17,27.3,19.8,22.7,0.5,14.1,36.0,51,17.84
2024-11-18,26.8,18.9,22.3,0.1,14.9,38.5,51,17.59
2024-11-19,27.3,18.5,22.2,0.0,13.6,33.5,3,18.93
2024-11-20,28.0,17.5,22.0,0.0,12.4,33.5,3,20.13
2024-11-21,27.5,17.2,22.0,0.0,12.2,26.6,3,16.93
2024-11-22,27.9,16.3,21.8,0.0,12.1,29.9,3,21.52
2024-11-23,28.6,16.7,22.3,0.0,11.0,27.7,3,20.03
2024-11-24,29.1,17.3,22.9,0.0,12.4,31.0,3,20.95
2024-11-25,27.7,17.1,22.1,0.0,11.3,31.7,3,18.23
2024-11-26,26.2,18.1,21.6,0.0,18.0,43.6,3,14.03
2024-11-27,26.4,18.9,21.7,0.0,19.9,48.6,3,14.39
2024-11-28,26.9,17.5,21.4,0.0,16.6,42.1,3,20.65
2024-11-29,25.4,18.2,21.6,0.8,20.9,51.8,51,13.82
2024-11-30,23.6,19.0,21.0,0.3,20.7,50.0,51,5.26
2024-12-01,24.5,19.9,21.4,8.0,22.3,52.6,63,7.26
2024-12-02,23.2,20.4,21.2,35.0,18.0,40.0,63,4.16
2024-12-03,26.0,20.0,22.2,4.7,13.7,31.3,63,13.59
2024-12-04,25.8,18.7,21.9,0.0,15.7,37.8,3,16.82
2024-12-05,26.1,19.8,22.2,0.8,11.1,29.5,51,17.09
2024-12-06,26.7,19.4,22.5,0.0,12.1,27.4,3,20.21
2024-12-07,27.0,19.2,22.2,0.6,11.3,27.7,51,19.31
2024-12-08,26.7,18.4,22.0,0.0,10.6,26.3,3,20.12
2024-12-09,27.5,18.3,22.4,0.1,10.3,26.6,51,19.57
2024-12-10,27.9,18.5,22.5,0.0,12.4,33.5,3,18.95
2024-12-11,26.4,18.3,21.9,0.0,16.4,41.8,3,15.8
2024-12-12,22.0,19.0,20.2,21.2,15.5,35.6,63,4.03
2024-12-13,24.4,19.6,21.2,1.3,18.6,42.5,53,9.08
2024-12-14,26.1,17.6,21.2,0.0,18.2,43.9,3,20.12
2024-12-15,24.3,15.0,19.3,0.0,13.3,34.2,3,20.27
2024-12-16,24.8,15.1,19.2,0.0,11.4,28.8,3,20.91
2024-12-17,27.1,14.5,20.4,0.0,10.7,28.1,3,20.35
2024-12-18,25.9,17.0,21.6,0.3,12.3,33.8,51,15.8
2024-12-19,28.0,19.1,22.8,0.3,10.9,30.6,51,16.45
2024-12-20,27.8,18.7,22.8,0.1,12.6,33.8,51,13.82
2024-12-21,29.0,18.0,23.1,0.0,9.9,24.5,3,18.5
2024-12-22,28.1,17.8,22.8,0.0,11.5,25.9,3,16.26
2024-12-23,27.0,18.3,22.4,0.0,10.0,28.4,3,14.63
2024-12-24,27.2,17.6,22.3,0.0,11.5,27.0,3,15.4
2024-12-25,27.8,17.2,22.2,0.0,11.0,31.0,3,14.62
2024-12-26,26.2,18.4,22.1,3.6,17.5,45.0,55,15.47
2024-12-27,25.3,18.5,21.1,1.7,19.0,46.1,51,14.1
2024-12-28,26.1,17.5,21.1,0.0,15.5,36.4,3,19.44
2024-12-29,26.8,16.8,21.3,0.0,14.3,35.3,3,19.72
2024-12-30,25.7,16.7,21.2,0.0,14.4,36.4,3,13.01
2024-12-31,27.5,17.0,21.6,0.0,15.8,41.8,3,20.93
2025-01-01,26.5,15.9,20.9,0.0,14.7,40.7,3,20.78
2025-01-02,26.3,16.2,20.5,0.0,14.2,38.9,3,20.79
2025-01-03,25.8,16.3,20.2,0.0,15.9,41.0,3,20.59
2025-01-04,25.7,14.2,19.7,0.0,12.5,35.3,3,20.84
2025-01-05,26.4,14.9,20.2,0.0,11.6,28.1,3,20.58
2025-01-06,26.2,15.7,20.4,0.0,11.9,26.6,3,21.45
2025-01-07,27.3,15.3,21.3,0.0,10.2,27.4,3,20.99
2025-01-08,27.1,16.4,21.0,0.0,12.6,32.0,3,21.66
2025-01-09,25.8,14.6,19.8,0.0,16.7,41.4,3,20.68
2025-01-10,26.8,15.9,20.8,0.0,14.7,38.5,3,18.07
2025-01-11,27.7,17.7,21.7,0.0,13.7,33.1,3,17.72
2025-01-12,28.6,17.1,21.8,0.0,14.7,34.2,3,18.51
2025-01-13,28.1,19.0,22.4,0.8,14.5,39.6,51,17.02
2025-01-14,27.5,18.5,22.1,0.1,16.2,41.0,51,16.84
2025-01-15,25.5,16.8,20.4,0.2,15.7,38.9,51,13.36
2025-01-16,26.6,16.0,20.8,0.0,17.7,42.5,3,20.47
2025-01-17,26.7,16.2,20.7,0.0,14.8,39.2,3,21.32
2025-01-18,27.2,15.8,21.1,0.0,14.2,39.6,3,20.4
2025-01-19,22.9,18.2,19.9,6.0,15.6,38.9,61,6.71
2025-01-20,27.2,17.8,21.6,0.0,11.5,31.7,3,21.91
2025-01-21,27.8,15.6,20.9,0.0,11.6,33.1,3,22.23
2025-01-22,28.6,15.4,21.5,0.0,13.8,36.4,3,21.69
2025-01-23,29.6,16.6,22.4,0.0,13.0,34.9,3,21.71
2025-01-24,27.6,16.3,21.3,0.0,12.1,34.2,3,22.53
2025-01-25,29.0,14.9,21.4,0.0,13.9,34.9,3,22.63
2025-01-26,29.1,15.1,21.8,0.0,15.9,42.8,3,23.42
2025-01-27,28.2,14.9,21.3,0.0,12.0,34.9,3,23.21
2025-01-28,28.1,15.5,21.3,0.0,11.2,31.0,3,22.34
2025-01-29,29.4,15.1,21.9,0.0,12.5,35.6,3,22.39
2025-01-30,29.3,16.0,22.4,0.0,10.5,27.4,3,22.34
2025-01-31,30.4,18.4,24.2,0.0,10.9,31.0,3,22.5
